[08Dec2025 18:04:34.837] [main/INFO] [cpw.mods.modlauncher.Launcher/MODLAUNCHER]: ModLauncher running: args [--launchTarget, forgeserver, --fml.forgeVersion, 47.3.7, --fml.mcVersion, 1.20.1, --fml.forgeGroup, net.minecraftforge, --fml.mcpVersion, 20230612.114412, nogui]
[08Dec2025 18:04:34.842] [main/INFO] [cpw.mods.modlauncher.Launcher/MODLAUNCHER]: ModLauncher 10.0.9+10.0.9+main.dcd20f30 starting: java version 17.0.16 by Ubuntu; OS Linux arch amd64 version 6.8.0-1030-azure
[08Dec2025 18:04:36.386] [main/INFO] [net.minecraftforge.fml.loading.ImmediateWindowHandler/]: ImmediateWindowProvider not loading because launch target is forgeserver
[08Dec2025 18:04:36.448] [main/INFO] [mixin/]: SpongePowered MIXIN Subsystem Version=0.8.5 Source=union:/workspaces/Server-magia-3/servidor_minecraft/libraries/org/spongepowered/mixin/0.8.5/mixin-0.8.5.jar%2363!/ Service=ModLauncher Env=SERVER
[08Dec2025 18:04:36.800] [main/WARN] [net.minecraftforge.fml.loading.moddiscovery.ModFileParser/LOADING]: Mod file /workspaces/Server-magia-3/servidor_minecraft/libraries/net/minecraftforge/fmlcore/1.20.1-47.3.7/fmlcore-1.20.1-47.3.7.jar is missing mods.toml file
[08Dec2025 18:04:36.802] [main/WARN] [net.minecraftforge.fml.loading.moddiscovery.ModFileParser/LOADING]: Mod file /workspaces/Server-magia-3/servidor_minecraft/libraries/net/minecraftforge/javafmllanguage/1.20.1-47.3.7/javafmllanguage-1.20.1-47.3.7.jar is missing mods.toml file
[08Dec2025 18:04:36.803] [main/WARN] [net.minecraftforge.fml.loading.moddiscovery.ModFileParser/LOADING]: Mod file /workspaces/Server-magia-3/servidor_minecraft/libraries/net/minecraftforge/lowcodelanguage/1.20.1-47.3.7/lowcodelanguage-1.20.1-47.3.7.jar is missing mods.toml file
[08Dec2025 18:04:36.803] [main/WARN] [net.minecraftforge.fml.loading.moddiscovery.ModFileParser/LOADING]: Mod file /workspaces/Server-magia-3/servidor_minecraft/libraries/net/minecraftforge/mclanguage/1.20.1-47.3.7/mclanguage-1.20.1-47.3.7.jar is missing mods.toml file
[08Dec2025 18:04:37.135] [main/WARN] [net.minecraftforge.jarjar.selection.JarSelector/]: Attempted to select two dependency jars from JarJar which have the same identification: Mod File:  and Mod File: . Using Mod File: 
[08Dec2025 18:04:37.137] [main/WARN] [net.minecraftforge.jarjar.selection.JarSelector/]: Attempted to select a dependency jar for JarJar which was passed in as source: geckolib. Using Mod File: /workspaces/Server-magia-3/servidor_minecraft/mods/geckolib-forge-1.20.1-4.4.5.jar
[08Dec2025 18:04:37.137] [main/INFO] [net.minecraftforge.fml.loading.moddiscovery.JarInJarDependencyLocator/]: Found 13 dependencies adding them to mods collection
[08Dec2025 18:04:39.926] [main/INFO] [mixin/]: Compatibility level set to JAVA_17
[08Dec2025 18:04:40.003] [main/ERROR] [mixin/]: Mixin config celestisynth.mixins.json does not specify "minVersion" property
[08Dec2025 18:04:40.110] [main/INFO] [mixin/]: Successfully loaded Mixin Connector [de.maxhenkel.camera.MixinConnector]
[08Dec2025 18:04:40.111] [main/INFO] [mixin/]: Successfully loaded Mixin Connector [org.tlauncher.MixinConnector]
[08Dec2025 18:04:40.114] [main/INFO] [cpw.mods.modlauncher.LaunchServiceHandler/MODLAUNCHER]: Launching target 'forgeserver' with arguments [nogui]
[08Dec2025 18:04:40.137] [main/INFO] [Rubidium/]: Loaded configuration file for Rubidium: 41 options available, 0 override(s) found
[08Dec2025 18:04:40.243] [main/WARN] [mixin/]: Reference map 'handcrafted-forge-1.20.1-forge-refmap.json' for handcrafted.mixins.json could not be read. If this is a development environment you can ignore this message
[08Dec2025 18:04:40.251] [main/WARN] [mixin/]: Reference map 'mynethersdelight.refmap.json' for mynethersdelight.mixins.json could not be read. If this is a development environment you can ignore this message
[08Dec2025 18:04:40.292] [main/WARN] [mixin/]: Reference map 'graveyard-FORGE-forge-refmap.json' for graveyard-forge.mixins.json could not be read. If this is a development environment you can ignore this message
[08Dec2025 18:04:40.348] [main/WARN] [mixin/]: Reference map 'mes-forge-refmap.json' for mes-forge.mixins.json could not be read. If this is a development environment you can ignore this message
[08Dec2025 18:04:40.375] [main/WARN] [mixin/]: Reference map 'coroutil.refmap.json' for coroutil.mixins.json could not be read. If this is a development environment you can ignore this message
[08Dec2025 18:04:40.401] [main/INFO] [Puzzles Lib/]: All mods {/workspaces/Server-magia-3/servidor_minecraft/mods/framework-forge-1.20.1-0.7.6.jar#206!/=fuzs.puzzleslib.impl.core.ForgeModContainer@6ee88e21, /workspaces/Server-magia-3/servidor_minecraft/mods/otyacraftengine-forge-mc1.20-3.7.0-alpha.2.jar#235!/=fuzs.puzzleslib.impl.core.ForgeModContainer@78d23d6a, /workspaces/Server-magia-3/servidor_minecraft/mods/letsdo-API-forge-1.2.13-forge.jar#217!/=fuzs.puzzleslib.impl.core.ForgeModContainer@626e0c86, /workspaces/Server-magia-3/servidor_minecraft/mods/create-1.20.1-6.0.8.jar#197!/=fuzs.puzzleslib.impl.core.ForgeModContainer@28ee0a3c, /workspaces/Server-magia-3/servidor_minecraft/mods/cosmeticarmorreworked-1.20.1-v1a.jar#195!/=fuzs.puzzleslib.impl.core.ForgeModContainer@2dd1086, /workspaces/Server-magia-3/servidor_minecraft/mods/waystones-forge-1.20-14.1.3.jar#258!/=fuzs.puzzleslib.impl.core.ForgeModContainer@6b8d54da, /workspaces/Server-magia-3/servidor_minecraft/mods/handcrafted-forge-1.20.1-3.0.6.jar#210!/=fuzs.puzzleslib.impl.core.ForgeModContainer@79957f11, /workspaces/Server-magia-3/servidor_minecraft/mods/gravestone-forge-1.20.1-1.0.15.jar#209!/=fuzs.puzzleslib.impl.core.ForgeModContainer@217235f5, /workspaces/Server-magia-3/servidor_minecraft/mods/netherdungeons-1.1.0-snapshot3a.jar#233!/=fuzs.puzzleslib.impl.core.ForgeModContainer@4b41587d, /workspaces/Server-magia-3/servidor_minecraft/mods/citadel-2.5.4-1.20.1.jar#192!/=fuzs.puzzleslib.impl.core.ForgeModContainer@4aebee4b, /workspaces/Server-magia-3/servidor_minecraft/mods/cozy_home-3.0.3.2-forge-1.20.1.jar#196!/=fuzs.puzzleslib.impl.core.ForgeModContainer@18d47df0, /workspaces/Server-magia-3/servidor_minecraft/mods/balm-forge-1.20.1-7.3.4-all.jar#182_/META-INF/jarjar/kuma-api-forge-20.1.6+1.20.1.jar#294!/=fuzs.puzzleslib.impl.core.ForgeModContainer@28393e82, /workspaces/Server-magia-3/servidor_minecraft/mods/EnchantmentMachine-1.20.1-1.1.4.jar#203!/=fuzs.puzzleslib.impl.core.ForgeModContainer@697a0948, /workspaces/Server-magia-3/servidor_minecraft/mods/mizs_broom-1.0.2-forge-1.20.1.jar#227!/=fuzs.puzzleslib.impl.core.ForgeModContainer@7cf63b9a, /workspaces/Server-magia-3/servidor_minecraft/mods/NaturesCompass-1.20.1-1.11.2-forge.jar#231!/=fuzs.puzzleslib.impl.core.ForgeModContainer@4776e209, /workspaces/Server-magia-3/servidor_minecraft/mods/DungeonsArise-1.20.x-2.1.58-release.jar#199!/=fuzs.puzzleslib.impl.core.ForgeModContainer@265a094b, /workspaces/Server-magia-3/servidor_minecraft/mods/portablemobs-1.2.0-forge-mc1.20.jar#239!/=fuzs.puzzleslib.impl.core.ForgeModContainer@1f536481, /workspaces/Server-magia-3/servidor_minecraft/mods/rubidium-mc1.20.1-0.7.1a.jar#244!/=fuzs.puzzleslib.impl.core.ForgeModContainer@5234b61a, /workspaces/Server-magia-3/servidor_minecraft/mods/goblintraders-forge-1.20.1-1.9.3.jar#208!/=fuzs.puzzleslib.impl.core.ForgeModContainer@22a260ff, /workspaces/Server-magia-3/servidor_minecraft/mods/letsdo-bloomingnature-forge-1.0.7.jar#218!/=fuzs.puzzleslib.impl.core.ForgeModContainer@54c425b1, /workspaces/Server-magia-3/servidor_minecraft/mods/create-1.20.1-6.0.8.jar#197_/META-INF/jarjar/mixinextras-forge-0.4.1.jar#298!/=fuzs.puzzleslib.impl.core.ForgeModContainer@50b734c4, /workspaces/Server-magia-3/servidor_minecraft/mods/beautify-2.0.2.jar#183!/=fuzs.puzzleslib.impl.core.ForgeModContainer@2744dcae, /workspaces/Server-magia-3/servidor_minecraft/mods/EnchantingInfuser-v8.0.2-1.20.1-Forge.jar#201!/=fuzs.puzzleslib.impl.core.ForgeModContainer@16d0e521, /workspaces/Server-magia-3/servidor_minecraft/mods/bettervillage-forge-1.20.1-3.2.0.jar#184!/=fuzs.puzzleslib.impl.core.ForgeModContainer@634ca3e7, /workspaces/Server-magia-3/servidor_minecraft/mods/polymorph-forge-0.49.5+1.20.1.jar#238_/META-INF/jarjar/spectrelib-forge-0.13.15+1.20.1.jar#300!/=fuzs.puzzleslib.impl.core.ForgeModContainer@ab4aa5e, /workspaces/Server-magia-3/servidor_minecraft/mods/ars_nouveau-1.20.1-4.11.0-all.jar#180!/=fuzs.puzzleslib.impl.core.ForgeModContainer@b14b60a, /workspaces/Server-magia-3/servidor_minecraft/mods/sophisticatedcore-1.20.1-0.6.22.611.jar#247!/=fuzs.puzzleslib.impl.core.ForgeModContainer@1a7cb3a4, /workspaces/Server-magia-3/servidor_minecraft/mods/Nether's Overhaul-1.20.1_V1.3.6.jar#232!/=fuzs.puzzleslib.impl.core.ForgeModContainer@1c297897, /workspaces/Server-magia-3/servidor_minecraft/mods/mcw-windows-2.2.1-mc1.20.1forge.jar#224!/=fuzs.puzzleslib.impl.core.ForgeModContainer@33e0c716, /workspaces/Server-magia-3/servidor_minecraft/mods/omni_card-1.20.1-1.3.2.jar#234!/=fuzs.puzzleslib.impl.core.ForgeModContainer@1d6a8386, /workspaces/Server-magia-3/servidor_minecraft/mods/realmrpg_dragon_wyrms_1.0.1_forge_1.20.1.jar#241!/=fuzs.puzzleslib.impl.core.ForgeModContainer@6274f21c, /workspaces/Server-magia-3/servidor_minecraft/mods/iceandfire-2.1.13-1.20.1-beta-4.jar#212!/=fuzs.puzzleslib.impl.core.ForgeModContainer@35cec305, /workspaces/Server-magia-3/servidor_minecraft/mods/irons_spellbooks-1.20.1-3.1.7.1.jar#213!/=fuzs.puzzleslib.impl.core.ForgeModContainer@237add, /workspaces/Server-magia-3/servidor_minecraft/mods/balm-forge-1.20.1-7.3.4-all.jar#182!/=fuzs.puzzleslib.impl.core.ForgeModContainer@491cafec, /workspaces/Server-magia-3/servidor_minecraft/mods/polymorph-forge-0.49.5+1.20.1.jar#238!/=fuzs.puzzleslib.impl.core.ForgeModContainer@cbd40c1, /workspaces/Server-magia-3/servidor_minecraft/mods/letsdo-vinery-forge-1.4.21.jar#220!/=fuzs.puzzleslib.impl.core.ForgeModContainer@4fa86cb8, /workspaces/Server-magia-3/servidor_minecraft/mods/watut-forge-1.20.1-1.1.1.jar#257!/=fuzs.puzzleslib.impl.core.ForgeModContainer@54c60202, /workspaces/Server-magia-3/servidor_minecraft/mods/PuzzlesLib-v8.1.20-1.20.1-Forge.jar#240!/=fuzs.puzzleslib.impl.core.ForgeModContainer@7889b4b9, /workspaces/Server-magia-3/servidor_minecraft/mods/Zeta-1.0-16.jar#259!/=fuzs.puzzleslib.impl.core.ForgeModContainer@1e545821, /workspaces/Server-magia-3/servidor_minecraft/mods/mes-1.3.1-1.20-forge.jar#225!/=fuzs.puzzleslib.impl.core.ForgeModContainer@12952aff, /workspaces/Server-magia-3/servidor_minecraft/mods/mcw-bridges-3.0.0-mc1.20.1forge.jar#222!/=fuzs.puzzleslib.impl.core.ForgeModContainer@76a7fcbd, /workspaces/Server-magia-3/servidor_minecraft/mods/journeymap-1.20.1-5.9.23-forge.jar#214!/=fuzs.puzzleslib.impl.core.ForgeModContainer@433ea2ac, /workspaces/Server-magia-3/servidor_minecraft/mods/voicechat-forge-1.20.1-2.6.6.jar#256!/=fuzs.puzzleslib.impl.core.ForgeModContainer@7f977fba, /workspaces/Server-magia-3/servidor_minecraft/mods/SkyVillages-1.0.4-1.19.2-1.20.1-forge-release.jar#245!/=fuzs.puzzleslib.impl.core.ForgeModContainer@446e7065, /workspaces/Server-magia-3/servidor_minecraft/mods/PuzzlesLib-v8.1.20-1.20.1-Forge.jar#240_/META-INF/jarjar/puzzlesaccessapi-forge-8.0.7.jar#304!/=fuzs.puzzleslib.impl.core.ForgeModContainer@d653e41, /workspaces/Server-magia-3/servidor_minecraft/mods/sophisticatedbackpacks-1.20.1-3.20.5.1044.jar#246!/=fuzs.puzzleslib.impl.core.ForgeModContainer@3b78c683, /workspaces/Server-magia-3/servidor_minecraft/mods/EnchantmentDescriptions-Forge-1.20.1-17.0.16.jar#202!/=fuzs.puzzleslib.impl.core.ForgeModContainer@7f5614f9, /workspaces/Server-magia-3/servidor_minecraft/mods/libraryferret-forge-1.20.1-4.0.0.jar#221!/=fuzs.puzzleslib.impl.core.ForgeModContainer@480cbe2e, /workspaces/Server-magia-3/servidor_minecraft/mods/camera-1.20.1-1.0.6.jar#188!/=fuzs.puzzleslib.impl.core.ForgeModContainer@6c3f1658, /workspaces/Server-magia-3/servidor_minecraft/mods/artifacts-forge-9.5.9.jar#181_/META-INF/jars/expandability-forge-9.0.4.jar#307!/=fuzs.puzzleslib.impl.core.ForgeModContainer@110e9982, /workspaces/Server-magia-3/servidor_minecraft/mods/architectury-9.2.14-forge.jar#179!/=fuzs.puzzleslib.impl.core.ForgeModContainer@5eb0a686, /workspaces/Server-magia-3/servidor_minecraft/mods/curios-forge-5.9.1+1.20.1.jar#198!/=fuzs.puzzleslib.impl.core.ForgeModContainer@73608eb0, /workspaces/Server-magia-3/servidor_minecraft/mods/player-animation-lib-forge-1.0.2-rc1+1.20.jar#237!/=fuzs.puzzleslib.impl.core.ForgeModContainer@67f9cb52, /workspaces/Server-magia-3/servidor_minecraft/mods/tl_skin_cape_forge_1.20-1.38.jar#251!/=fuzs.puzzleslib.impl.core.ForgeModContainer@2de9ca6, /workspaces/Server-magia-3/servidor_minecraft/mods/MyNethersDelight-1.20.1-0.1.1.jar#230!/=fuzs.puzzleslib.impl.core.ForgeModContainer@59018eed, /workspaces/Server-magia-3/servidor_minecraft/mods/caelus-forge-3.2.0+1.20.1.jar#187!/=fuzs.puzzleslib.impl.core.ForgeModContainer@2ee39e73, /workspaces/Server-magia-3/servidor_minecraft/mods/ExplorersCompass-1.20.1-1.3.3-forge.jar#204!/=fuzs.puzzleslib.impl.core.ForgeModContainer@76973a6, /workspaces/Server-magia-3/servidor_minecraft/mods/Chimes-v2.0.1-1.20.1.jar#191!/=fuzs.puzzleslib.impl.core.ForgeModContainer@71a4f441, /workspaces/Server-magia-3/servidor_minecraft/mods/mokels_witch_boss-1.0-forge-1.20.1.jar#228!/=fuzs.puzzleslib.impl.core.ForgeModContainer@24876a7e, /workspaces/Server-magia-3/servidor_minecraft/mods/born_in_chaos_[Forge]1.20.1_1.3.1.jar#186!/=fuzs.puzzleslib.impl.core.ForgeModContainer@1625789b, /workspaces/Server-magia-3/servidor_minecraft/mods/create-1.20.1-6.0.8.jar#197_/META-INF/jarjar/flywheel-forge-1.20.1-1.0.5.jar#302!/=fuzs.puzzleslib.impl.core.ForgeModContainer@5a1dddba, /workspaces/Server-magia-3/servidor_minecraft/mods/Patchouli-1.20.1-84-FORGE.jar#236!/=fuzs.puzzleslib.impl.core.ForgeModContainer@c4d2c44, /workspaces/Server-magia-3/servidor_minecraft/mods/appleskin-forge-mc1.20.1-2.5.1.jar#178!/=fuzs.puzzleslib.impl.core.ForgeModContainer@13866329, /workspaces/Server-magia-3/servidor_minecraft/mods/TerraBlender-forge-1.20.1-3.0.1.7.jar#249!/=fuzs.puzzleslib.impl.core.ForgeModContainer@2eda2062, /workspaces/Server-magia-3/servidor_minecraft/mods/mcw-furniture-3.2.2-mc1.20.1forge.jar#223!/=fuzs.puzzleslib.impl.core.ForgeModContainer@1a9ec80e, /workspaces/Server-magia-3/servidor_minecraft/mods/celestisynth-1.20.1-1.2.2.jar#189!/=fuzs.puzzleslib.impl.core.ForgeModContainer@7fd4e815, /workspaces/Server-magia-3/servidor_minecraft/mods/torchmaster-20.1.6.jar#252!/=fuzs.puzzleslib.impl.core.ForgeModContainer@5f6b53ed, /workspaces/Server-magia-3/servidor_minecraft/mods/The_Graveyard_3.1_(FORGE)_for_1.20.1.jar#250!/=fuzs.puzzleslib.impl.core.ForgeModContainer@20cdb152, /workspaces/Server-magia-3/servidor_minecraft/mods/easy_npc_1.20.1-4.5.1.jar#200!/=fuzs.puzzleslib.impl.core.ForgeModContainer@4cffd3fd, /workspaces/Server-magia-3/servidor_minecraft/mods/resourcefullib-forge-1.20.1-2.1.25.jar#243!/=fuzs.puzzleslib.impl.core.ForgeModContainer@14b31e37, /workspaces/Server-magia-3/servidor_minecraft/mods/hmag-forge-mc1.20.1-9.0.20.jar#211!/=fuzs.puzzleslib.impl.core.ForgeModContainer@1142d377, /workspaces/Server-magia-3/servidor_minecraft/mods/useless-sword-1.20.1-V1.4.1.jar#254!/=fuzs.puzzleslib.impl.core.ForgeModContainer@5c48b72c, /workspaces/Server-magia-3/servidor_minecraft/mods/supermartijn642corelib-1.1.17-forge-mc1.20.1.jar#248!/=fuzs.puzzleslib.impl.core.ForgeModContainer@6e1ae763, /workspaces/Server-magia-3/servidor_minecraft/mods/FarmersDelight-1.20.1-1.2.4.jar#205!/=fuzs.puzzleslib.impl.core.ForgeModContainer@62d40e31, /workspaces/Server-magia-3/servidor_minecraft/libraries/net/minecraftforge/forge/1.20.1-47.3.7/forge-1.20.1-47.3.7-universal.jar#266!/=fuzs.puzzleslib.impl.core.ForgeModContainer@650aa077, /workspaces/Server-magia-3/servidor_minecraft/mods/TreeChop-1.20.1-forge-0.19.0.jar#253!/=fuzs.puzzleslib.impl.core.ForgeModContainer@7ce29a2d, /workspaces/Server-magia-3/servidor_minecraft/mods/vanillaplustools-1.20-1.0.jar#255!/=fuzs.puzzleslib.impl.core.ForgeModContainer@457a5b2d, /workspaces/Server-magia-3/servidor_minecraft/mods/konkrete_forge_1.8.0_MC_1.20-1.20.1.jar#216!/=fuzs.puzzleslib.impl.core.ForgeModContainer@79d7035, /workspaces/Server-magia-3/servidor_minecraft/mods/Bookshelf-Forge-1.20.1-20.1.11.jar#185!/=fuzs.puzzleslib.impl.core.ForgeModContainer@372461a9, /workspaces/Server-magia-3/servidor_minecraft/mods/realmrpg_imps_and_demons_0.9.0_forge_1.20.1.jar#242!/=fuzs.puzzleslib.impl.core.ForgeModContainer@5fffb692, /workspaces/Server-magia-3/servidor_minecraft/mods/minecraft-comes-alive-7.5.18+1.20.1-universal.jar#226!/=fuzs.puzzleslib.impl.core.ForgeModContainer@48cb2d73, /workspaces/Server-magia-3/servidor_minecraft/mods/letsdo-nethervinery-forge-1.2.12.jar#219!/=fuzs.puzzleslib.impl.core.ForgeModContainer@243bf087, /workspaces/Server-magia-3/servidor_minecraft/mods/create-1.20.1-6.0.8.jar#197_/META-INF/jarjar/Ponder-Forge-1.20.1-1.0.91.jar#303!/=fuzs.puzzleslib.impl.core.ForgeModContainer@3086f480, /workspaces/Server-magia-3/servidor_minecraft/mods/geckolib-forge-1.20.1-4.4.5.jar#207!/=fuzs.puzzleslib.impl.core.ForgeModContainer@126f8f24, /workspaces/Server-magia-3/servidor_minecraft/mods/mowziesmobs-1.6.5.jar#229!/=fuzs.puzzleslib.impl.core.ForgeModContainer@35e98af, /workspaces/Server-magia-3/servidor_minecraft/mods/cfm-forge-1.20.1-7.0.0-pre36.jar#190!/=fuzs.puzzleslib.impl.core.ForgeModContainer@781aff8b, /workspaces/Server-magia-3/servidor_minecraft/mods/artifacts-forge-9.5.9.jar#181!/=fuzs.puzzleslib.impl.core.ForgeModContainer@7fbf26fc, /workspaces/Server-magia-3/servidor_minecraft/mods/justzoom_forge_1.0.2_MC_1.20.1.jar#215!/=fuzs.puzzleslib.impl.core.ForgeModContainer@11c78080, /workspaces/Server-magia-3/servidor_minecraft/libraries/net/minecraft/server/1.20.1-20230612.114412/server-1.20.1-20230612.114412-srg.jar#261!/=fuzs.puzzleslib.impl.core.ForgeModContainer@662be9f7, /workspaces/Server-magia-3/servidor_minecraft/mods/cloth-config-11.1.118-forge.jar#193!/=fuzs.puzzleslib.impl.core.ForgeModContainer@4962b41e, /workspaces/Server-magia-3/servidor_minecraft/mods/coroutil-forge-1.20.1-1.3.7.jar#194!/=fuzs.puzzleslib.impl.core.ForgeModContainer@4fecf308}
[08Dec2025 18:04:40.402] [main/INFO] [Puzzles Lib/]: Scheme for framework: /workspaces/Server-magia-3/servidor_minecraft/mods/framework-forge-1.20.1-0.7.6.jar#206!/
[08Dec2025 18:04:40.404] [main/INFO] [Puzzles Lib/]: Scheme for otyacraftengine: /workspaces/Server-magia-3/servidor_minecraft/mods/otyacraftengine-forge-mc1.20-3.7.0-alpha.2.jar#235!/
[08Dec2025 18:04:40.404] [main/INFO] [Puzzles Lib/]: Scheme for doapi: /workspaces/Server-magia-3/servidor_minecraft/mods/letsdo-API-forge-1.2.13-forge.jar#217!/
[08Dec2025 18:04:40.405] [main/INFO] [Puzzles Lib/]: Scheme for create: /workspaces/Server-magia-3/servidor_minecraft/mods/create-1.20.1-6.0.8.jar#197!/
[08Dec2025 18:04:40.405] [main/INFO] [Puzzles Lib/]: Scheme for cosmeticarmorreworked: /workspaces/Server-magia-3/servidor_minecraft/mods/cosmeticarmorreworked-1.20.1-v1a.jar#195!/
[08Dec2025 18:04:40.406] [main/INFO] [Puzzles Lib/]: Scheme for waystones: /workspaces/Server-magia-3/servidor_minecraft/mods/waystones-forge-1.20-14.1.3.jar#258!/
[08Dec2025 18:04:40.406] [main/INFO] [Puzzles Lib/]: Scheme for handcrafted: /workspaces/Server-magia-3/servidor_minecraft/mods/handcrafted-forge-1.20.1-3.0.6.jar#210!/
[08Dec2025 18:04:40.407] [main/INFO] [Puzzles Lib/]: Scheme for gravestone: /workspaces/Server-magia-3/servidor_minecraft/mods/gravestone-forge-1.20.1-1.0.15.jar#209!/
[08Dec2025 18:04:40.409] [main/INFO] [Puzzles Lib/]: Scheme for netherdungeons: /workspaces/Server-magia-3/servidor_minecraft/mods/netherdungeons-1.1.0-snapshot3a.jar#233!/
[08Dec2025 18:04:40.409] [main/INFO] [Puzzles Lib/]: Scheme for citadel: /workspaces/Server-magia-3/servidor_minecraft/mods/citadel-2.5.4-1.20.1.jar#192!/
[08Dec2025 18:04:40.409] [main/INFO] [Puzzles Lib/]: Scheme for cozy_home: /workspaces/Server-magia-3/servidor_minecraft/mods/cozy_home-3.0.3.2-forge-1.20.1.jar#196!/
[08Dec2025 18:04:40.409] [main/INFO] [Puzzles Lib/]: Scheme for kuma_api: /workspaces/Server-magia-3/servidor_minecraft/mods/balm-forge-1.20.1-7.3.4-all.jar#182!/
[08Dec2025 18:04:40.409] [main/INFO] [Puzzles Lib/]: Scheme for enchantmentmachine: /workspaces/Server-magia-3/servidor_minecraft/mods/EnchantmentMachine-1.20.1-1.1.4.jar#203!/
[08Dec2025 18:04:40.409] [main/INFO] [Puzzles Lib/]: Scheme for mizs_broom: /workspaces/Server-magia-3/servidor_minecraft/mods/mizs_broom-1.0.2-forge-1.20.1.jar#227!/
[08Dec2025 18:04:40.410] [main/INFO] [Puzzles Lib/]: Scheme for naturescompass: /workspaces/Server-magia-3/servidor_minecraft/mods/NaturesCompass-1.20.1-1.11.2-forge.jar#231!/
[08Dec2025 18:04:40.410] [main/INFO] [Puzzles Lib/]: Scheme for dungeons_arise: /workspaces/Server-magia-3/servidor_minecraft/mods/DungeonsArise-1.20.x-2.1.58-release.jar#199!/
[08Dec2025 18:04:40.411] [main/INFO] [Puzzles Lib/]: Scheme for portablemobs: /workspaces/Server-magia-3/servidor_minecraft/mods/portablemobs-1.2.0-forge-mc1.20.jar#239!/
[08Dec2025 18:04:40.411] [main/INFO] [Puzzles Lib/]: Scheme for rubidium: /workspaces/Server-magia-3/servidor_minecraft/mods/rubidium-mc1.20.1-0.7.1a.jar#244!/
[08Dec2025 18:04:40.412] [main/INFO] [Puzzles Lib/]: Scheme for goblintraders: /workspaces/Server-magia-3/servidor_minecraft/mods/goblintraders-forge-1.20.1-1.9.3.jar#208!/
[08Dec2025 18:04:40.413] [main/INFO] [Puzzles Lib/]: Scheme for bloomingnature: /workspaces/Server-magia-3/servidor_minecraft/mods/letsdo-bloomingnature-forge-1.0.7.jar#218!/
[08Dec2025 18:04:40.414] [main/INFO] [Puzzles Lib/]: Scheme for mixinextras: /workspaces/Server-magia-3/servidor_minecraft/mods/create-1.20.1-6.0.8.jar#197!/
[08Dec2025 18:04:40.414] [main/INFO] [Puzzles Lib/]: Scheme for beautify: /workspaces/Server-magia-3/servidor_minecraft/mods/beautify-2.0.2.jar#183!/
[08Dec2025 18:04:40.414] [main/INFO] [Puzzles Lib/]: Scheme for enchantinginfuser: /workspaces/Server-magia-3/servidor_minecraft/mods/EnchantingInfuser-v8.0.2-1.20.1-Forge.jar#201!/
[08Dec2025 18:04:40.414] [main/INFO] [Puzzles Lib/]: Scheme for bettervillage: /workspaces/Server-magia-3/servidor_minecraft/mods/bettervillage-forge-1.20.1-3.2.0.jar#184!/
[08Dec2025 18:04:40.415] [main/INFO] [Puzzles Lib/]: Scheme for spectrelib: /workspaces/Server-magia-3/servidor_minecraft/mods/polymorph-forge-0.49.5+1.20.1.jar#238!/
[08Dec2025 18:04:40.415] [main/INFO] [Puzzles Lib/]: Scheme for ars_nouveau: /workspaces/Server-magia-3/servidor_minecraft/mods/ars_nouveau-1.20.1-4.11.0-all.jar#180!/
[08Dec2025 18:04:40.415] [main/INFO] [Puzzles Lib/]: Scheme for sophisticatedcore: /workspaces/Server-magia-3/servidor_minecraft/mods/sophisticatedcore-1.20.1-0.6.22.611.jar#247!/
[08Dec2025 18:04:40.416] [main/INFO] [Puzzles Lib/]: Scheme for netheroverhaul: /workspaces/Server-magia-3/servidor_minecraft/mods/Nether's Overhaul-1.20.1_V1.3.6.jar#232!/
[08Dec2025 18:04:40.416] [main/INFO] [Puzzles Lib/]: Scheme for mcwwindows: /workspaces/Server-magia-3/servidor_minecraft/mods/mcw-windows-2.2.1-mc1.20.1forge.jar#224!/
[08Dec2025 18:04:40.416] [main/INFO] [Puzzles Lib/]: Scheme for omni_card: /workspaces/Server-magia-3/servidor_minecraft/mods/omni_card-1.20.1-1.3.2.jar#234!/
[08Dec2025 18:04:40.418] [main/INFO] [Puzzles Lib/]: Scheme for realmrpg_wyrms: /workspaces/Server-magia-3/servidor_minecraft/mods/realmrpg_dragon_wyrms_1.0.1_forge_1.20.1.jar#241!/
[08Dec2025 18:04:40.418] [main/INFO] [Puzzles Lib/]: Scheme for iceandfire: /workspaces/Server-magia-3/servidor_minecraft/mods/iceandfire-2.1.13-1.20.1-beta-4.jar#212!/
[08Dec2025 18:04:40.418] [main/INFO] [Puzzles Lib/]: Scheme for irons_spellbooks: /workspaces/Server-magia-3/servidor_minecraft/mods/irons_spellbooks-1.20.1-3.1.7.1.jar#213!/
[08Dec2025 18:04:40.419] [main/INFO] [Puzzles Lib/]: Scheme for balm: /workspaces/Server-magia-3/servidor_minecraft/mods/balm-forge-1.20.1-7.3.4-all.jar#182!/
[08Dec2025 18:04:40.419] [main/INFO] [Puzzles Lib/]: Scheme for polymorph: /workspaces/Server-magia-3/servidor_minecraft/mods/polymorph-forge-0.49.5+1.20.1.jar#238!/
[08Dec2025 18:04:40.420] [main/INFO] [Puzzles Lib/]: Scheme for vinery: /workspaces/Server-magia-3/servidor_minecraft/mods/letsdo-vinery-forge-1.4.21.jar#220!/
[08Dec2025 18:04:40.420] [main/INFO] [Puzzles Lib/]: Scheme for watut: /workspaces/Server-magia-3/servidor_minecraft/mods/watut-forge-1.20.1-1.1.1.jar#257!/
[08Dec2025 18:04:40.421] [main/INFO] [Puzzles Lib/]: Scheme for puzzleslib: /workspaces/Server-magia-3/servidor_minecraft/mods/PuzzlesLib-v8.1.20-1.20.1-Forge.jar#240!/
[08Dec2025 18:04:40.421] [main/INFO] [Puzzles Lib/]: Scheme for zeta: /workspaces/Server-magia-3/servidor_minecraft/mods/Zeta-1.0-16.jar#259!/
[08Dec2025 18:04:40.421] [main/INFO] [Puzzles Lib/]: Scheme for mes: /workspaces/Server-magia-3/servidor_minecraft/mods/mes-1.3.1-1.20-forge.jar#225!/
[08Dec2025 18:04:40.421] [main/INFO] [Puzzles Lib/]: Scheme for mcwbridges: /workspaces/Server-magia-3/servidor_minecraft/mods/mcw-bridges-3.0.0-mc1.20.1forge.jar#222!/
[08Dec2025 18:04:40.421] [main/INFO] [Puzzles Lib/]: Scheme for journeymap: /workspaces/Server-magia-3/servidor_minecraft/mods/journeymap-1.20.1-5.9.23-forge.jar#214!/
[08Dec2025 18:04:40.421] [main/INFO] [Puzzles Lib/]: Scheme for voicechat: /workspaces/Server-magia-3/servidor_minecraft/mods/voicechat-forge-1.20.1-2.6.6.jar#256!/
[08Dec2025 18:04:40.421] [main/INFO] [Puzzles Lib/]: Scheme for skyvillages: /workspaces/Server-magia-3/servidor_minecraft/mods/SkyVillages-1.0.4-1.19.2-1.20.1-forge-release.jar#245!/
[08Dec2025 18:04:40.422] [main/INFO] [Puzzles Lib/]: Scheme for puzzlesaccessapi: /workspaces/Server-magia-3/servidor_minecraft/mods/PuzzlesLib-v8.1.20-1.20.1-Forge.jar#240!/
[08Dec2025 18:04:40.422] [main/INFO] [Puzzles Lib/]: Scheme for sophisticatedbackpacks: /workspaces/Server-magia-3/servidor_minecraft/mods/sophisticatedbackpacks-1.20.1-3.20.5.1044.jar#246!/
[08Dec2025 18:04:40.422] [main/INFO] [Puzzles Lib/]: Scheme for enchdesc: /workspaces/Server-magia-3/servidor_minecraft/mods/EnchantmentDescriptions-Forge-1.20.1-17.0.16.jar#202!/
[08Dec2025 18:04:40.423] [main/INFO] [Puzzles Lib/]: Scheme for libraryferret: /workspaces/Server-magia-3/servidor_minecraft/mods/libraryferret-forge-1.20.1-4.0.0.jar#221!/
[08Dec2025 18:04:40.423] [main/INFO] [Puzzles Lib/]: Scheme for camera: /workspaces/Server-magia-3/servidor_minecraft/mods/camera-1.20.1-1.0.6.jar#188!/
[08Dec2025 18:04:40.423] [main/INFO] [Puzzles Lib/]: Scheme for expandability: /workspaces/Server-magia-3/servidor_minecraft/mods/artifacts-forge-9.5.9.jar#181!/
[08Dec2025 18:04:40.424] [main/INFO] [Puzzles Lib/]: Scheme for architectury: /workspaces/Server-magia-3/servidor_minecraft/mods/architectury-9.2.14-forge.jar#179!/
[08Dec2025 18:04:40.424] [main/INFO] [Puzzles Lib/]: Scheme for curios: /workspaces/Server-magia-3/servidor_minecraft/mods/curios-forge-5.9.1+1.20.1.jar#198!/
[08Dec2025 18:04:40.425] [main/INFO] [Puzzles Lib/]: Scheme for playeranimator: /workspaces/Server-magia-3/servidor_minecraft/mods/player-animation-lib-forge-1.0.2-rc1+1.20.jar#237!/
[08Dec2025 18:04:40.425] [main/INFO] [Puzzles Lib/]: Scheme for tlskincape: /workspaces/Server-magia-3/servidor_minecraft/mods/tl_skin_cape_forge_1.20-1.38.jar#251!/
[08Dec2025 18:04:40.425] [main/INFO] [Puzzles Lib/]: Scheme for mynethersdelight: /workspaces/Server-magia-3/servidor_minecraft/mods/MyNethersDelight-1.20.1-0.1.1.jar#230!/
[08Dec2025 18:04:40.425] [main/INFO] [Puzzles Lib/]: Scheme for caelus: /workspaces/Server-magia-3/servidor_minecraft/mods/caelus-forge-3.2.0+1.20.1.jar#187!/
[08Dec2025 18:04:40.426] [main/INFO] [Puzzles Lib/]: Scheme for explorerscompass: /workspaces/Server-magia-3/servidor_minecraft/mods/ExplorersCompass-1.20.1-1.3.3-forge.jar#204!/
[08Dec2025 18:04:40.426] [main/INFO] [Puzzles Lib/]: Scheme for chimes: /workspaces/Server-magia-3/servidor_minecraft/mods/Chimes-v2.0.1-1.20.1.jar#191!/
[08Dec2025 18:04:40.426] [main/INFO] [Puzzles Lib/]: Scheme for mokels_witch_boss: /workspaces/Server-magia-3/servidor_minecraft/mods/mokels_witch_boss-1.0-forge-1.20.1.jar#228!/
[08Dec2025 18:04:40.427] [main/INFO] [Puzzles Lib/]: Scheme for born_in_chaos_v1: /workspaces/Server-magia-3/servidor_minecraft/mods/born_in_chaos_[Forge]1.20.1_1.3.1.jar#186!/
[08Dec2025 18:04:40.427] [main/INFO] [Puzzles Lib/]: Scheme for flywheel: /workspaces/Server-magia-3/servidor_minecraft/mods/create-1.20.1-6.0.8.jar#197!/
[08Dec2025 18:04:40.427] [main/INFO] [Puzzles Lib/]: Scheme for patchouli: /workspaces/Server-magia-3/servidor_minecraft/mods/Patchouli-1.20.1-84-FORGE.jar#236!/
[08Dec2025 18:04:40.427] [main/INFO] [Puzzles Lib/]: Scheme for appleskin: /workspaces/Server-magia-3/servidor_minecraft/mods/appleskin-forge-mc1.20.1-2.5.1.jar#178!/
[08Dec2025 18:04:40.428] [main/INFO] [Puzzles Lib/]: Scheme for terrablender: /workspaces/Server-magia-3/servidor_minecraft/mods/TerraBlender-forge-1.20.1-3.0.1.7.jar#249!/
[08Dec2025 18:04:40.428] [main/INFO] [Puzzles Lib/]: Scheme for mcwfurnitures: /workspaces/Server-magia-3/servidor_minecraft/mods/mcw-furniture-3.2.2-mc1.20.1forge.jar#223!/
[08Dec2025 18:04:40.429] [main/INFO] [Puzzles Lib/]: Scheme for celestisynth: /workspaces/Server-magia-3/servidor_minecraft/mods/celestisynth-1.20.1-1.2.2.jar#189!/
[08Dec2025 18:04:40.429] [main/INFO] [Puzzles Lib/]: Scheme for torchmaster: /workspaces/Server-magia-3/servidor_minecraft/mods/torchmaster-20.1.6.jar#252!/
[08Dec2025 18:04:40.429] [main/INFO] [Puzzles Lib/]: Scheme for graveyard: /workspaces/Server-magia-3/servidor_minecraft/mods/The_Graveyard_3.1_(FORGE)_for_1.20.1.jar#250!/
[08Dec2025 18:04:40.430] [main/INFO] [Puzzles Lib/]: Scheme for easy_npc: /workspaces/Server-magia-3/servidor_minecraft/mods/easy_npc_1.20.1-4.5.1.jar#200!/
[08Dec2025 18:04:40.430] [main/INFO] [Puzzles Lib/]: Scheme for resourcefullib: /workspaces/Server-magia-3/servidor_minecraft/mods/resourcefullib-forge-1.20.1-2.1.25.jar#243!/
[08Dec2025 18:04:40.430] [main/INFO] [Puzzles Lib/]: Scheme for hmag: /workspaces/Server-magia-3/servidor_minecraft/mods/hmag-forge-mc1.20.1-9.0.20.jar#211!/
[08Dec2025 18:04:40.431] [main/INFO] [Puzzles Lib/]: Scheme for useless_sword: /workspaces/Server-magia-3/servidor_minecraft/mods/useless-sword-1.20.1-V1.4.1.jar#254!/
[08Dec2025 18:04:40.431] [main/INFO] [Puzzles Lib/]: Scheme for supermartijn642corelib: /workspaces/Server-magia-3/servidor_minecraft/mods/supermartijn642corelib-1.1.17-forge-mc1.20.1.jar#248!/
[08Dec2025 18:04:40.431] [main/INFO] [Puzzles Lib/]: Scheme for farmersdelight: /workspaces/Server-magia-3/servidor_minecraft/mods/FarmersDelight-1.20.1-1.2.4.jar#205!/
[08Dec2025 18:04:40.432] [main/INFO] [Puzzles Lib/]: Scheme for forge: /workspaces/Server-magia-3/servidor_minecraft/libraries/net/minecraftforge/forge/1.20.1-47.3.7/forge-1.20.1-47.3.7-universal.jar#266!/
[08Dec2025 18:04:40.432] [main/INFO] [Puzzles Lib/]: Scheme for treechop: /workspaces/Server-magia-3/servidor_minecraft/mods/TreeChop-1.20.1-forge-0.19.0.jar#253!/
[08Dec2025 18:04:40.432] [main/INFO] [Puzzles Lib/]: Scheme for vanillaplustools: /workspaces/Server-magia-3/servidor_minecraft/mods/vanillaplustools-1.20-1.0.jar#255!/
[08Dec2025 18:04:40.434] [main/INFO] [Puzzles Lib/]: Scheme for konkrete: /workspaces/Server-magia-3/servidor_minecraft/mods/konkrete_forge_1.8.0_MC_1.20-1.20.1.jar#216!/
[08Dec2025 18:04:40.435] [main/INFO] [Puzzles Lib/]: Scheme for bookshelf: /workspaces/Server-magia-3/servidor_minecraft/mods/Bookshelf-Forge-1.20.1-20.1.11.jar#185!/
[08Dec2025 18:04:40.436] [main/INFO] [Puzzles Lib/]: Scheme for realmrpg_demons: /workspaces/Server-magia-3/servidor_minecraft/mods/realmrpg_imps_and_demons_0.9.0_forge_1.20.1.jar#242!/
[08Dec2025 18:04:40.436] [main/INFO] [Puzzles Lib/]: Scheme for mca: /workspaces/Server-magia-3/servidor_minecraft/mods/minecraft-comes-alive-7.5.18+1.20.1-universal.jar#226!/
[08Dec2025 18:04:40.437] [main/INFO] [Puzzles Lib/]: Scheme for nethervinery: /workspaces/Server-magia-3/servidor_minecraft/mods/letsdo-nethervinery-forge-1.2.12.jar#219!/
[08Dec2025 18:04:40.437] [main/INFO] [Puzzles Lib/]: Scheme for ponder: /workspaces/Server-magia-3/servidor_minecraft/mods/create-1.20.1-6.0.8.jar#197!/
[08Dec2025 18:04:40.437] [main/INFO] [Puzzles Lib/]: Scheme for geckolib: /workspaces/Server-magia-3/servidor_minecraft/mods/geckolib-forge-1.20.1-4.4.5.jar#207!/
[08Dec2025 18:04:40.437] [main/INFO] [Puzzles Lib/]: Scheme for mowziesmobs: /workspaces/Server-magia-3/servidor_minecraft/mods/mowziesmobs-1.6.5.jar#229!/
[08Dec2025 18:04:40.438] [main/INFO] [Puzzles Lib/]: Scheme for cfm: /workspaces/Server-magia-3/servidor_minecraft/mods/cfm-forge-1.20.1-7.0.0-pre36.jar#190!/
[08Dec2025 18:04:40.438] [main/INFO] [Puzzles Lib/]: Scheme for artifacts: /workspaces/Server-magia-3/servidor_minecraft/mods/artifacts-forge-9.5.9.jar#181!/
[08Dec2025 18:04:40.438] [main/INFO] [Puzzles Lib/]: Scheme for justzoom: /workspaces/Server-magia-3/servidor_minecraft/mods/justzoom_forge_1.0.2_MC_1.20.1.jar#215!/
[08Dec2025 18:04:40.438] [main/INFO] [Puzzles Lib/]: Scheme for minecraft: /workspaces/Server-magia-3/servidor_minecraft/libraries/net/minecraft/server/1.20.1-20230612.114412/server-1.20.1-20230612.114412-srg.jar#261!/
[08Dec2025 18:04:40.439] [main/INFO] [Puzzles Lib/]: Scheme for cloth_config: /workspaces/Server-magia-3/servidor_minecraft/mods/cloth-config-11.1.118-forge.jar#193!/
[08Dec2025 18:04:40.439] [main/INFO] [Puzzles Lib/]: Scheme for coroutil: /workspaces/Server-magia-3/servidor_minecraft/mods/coroutil-forge-1.20.1-1.3.7.jar#194!/
[08Dec2025 18:04:40.446] [main/INFO] [Puzzles Lib/]: Loading 91 mods:
	- appleskin 2.5.1+mc1.20.1
	- architectury 9.2.14
	- ars_nouveau 4.11.0
	- artifacts 9.5.9
		\-- expandability 9.0.4
	- balm 7.3.4
		\-- kuma_api 20.1.6
	- beautify 2.0.2
	- bettervillage 3.1.0
	- bloomingnature 1.0.7
	- bookshelf 20.1.11
	- born_in_chaos_v1 1.0.0
	- caelus 3.2.0+1.20.1
	- camera 1.20.1-1.0.6
	- celestisynth 1.20.1-1.2.2
	- cfm 7.0.0-pre36
	- chimes 2.0.1
	- citadel 2.5.4
	- cloth_config 11.1.118
	- coroutil 1.20.1-1.3.7
	- cosmeticarmorreworked 1.20.1-v1a
	- cozy_home 3.0.3.2
	- create 6.0.8
		|-- flywheel 1.0.5
		|-- mixinextras 0.4.1
		\-- ponder 1.0.91
	- curios 5.9.1+1.20.1
	- doapi 1.2.13
		\-- terraform 7.0.1
	- dungeons_arise 2.1.58-1.20.x
	- easy_npc 4.5.1
	- enchantinginfuser 8.0.2
	- enchantmentmachine 1.1.4
	- enchdesc 17.0.16
	- explorerscompass 1.20.1-1.3.3-forge
	- farmersdelight 1.20.1-1.2.4
	- forge 47.3.7
	- framework 0.7.6
	- geckolib 4.4.5
	- goblintraders 1.9.3
	- gravestone 1.20.1-1.0.15
	- graveyard 3.1
	- handcrafted 3.0.6
	- hmag 9.0.20
	- iceandfire 2.1.13-1.20.1-beta-4
	- irons_spellbooks 1.20.1-3.1.7.1
	- journeymap 5.9.23
	- justzoom 1.0.2
	- konkrete 1.8.0
	- libraryferret 4.0.0
	- mca 7.5.18+1.20.1
	- mcwbridges 3.0.0
	- mcwfurnitures 3.2.2
	- mcwwindows 2.2.1
	- mes 1.3.1-1.20-forge
	- minecraft 1.20.1
	- mizs_broom 1.0.0
	- mokels_witch_boss 1.0.0
	- mowziesmobs 1.6.4
	- mynethersdelight 1.20.1-1.1
	- naturescompass 1.20.1-1.11.2-forge
	- netherdungeons 1.1.0-snapshot3a
	- netheroverhaul 1.3.6
	- nethervinery 1.2.12
	- omni_card 1.3.2
	- otyacraftengine 3.7.0-alpha.2
	- patchouli 1.20.1-84-FORGE
	- playeranimator 1.0.2-rc1+1.20
	- polymorph 0.49.5+1.20.1
		\-- spectrelib 0.13.15+1.20.1
	- portablemobs 1.2.0
	- puzzleslib 8.1.20
		\-- puzzlesaccessapi 8.0.7
	- realmrpg_demons 0.9.0
	- realmrpg_wyrms 1.0.1
	- resourcefullib 2.1.25
	- rubidium 0.7.1a
		\-- sodium 0.5.3
	- skyvillages 1.0.4
	- sophisticatedbackpacks 3.20.5.1044
	- sophisticatedcore 0.6.22.611
	- supermartijn642corelib 1.1.17
	- terrablender 3.0.1.7
	- tlskincape 1.38
	- torchmaster 20.1.6
	- treechop 0.18.8
	- useless_sword 1.4.1
	- vanillaplustools 1.20-1.0
	- vinery 1.4.21
	- voicechat 1.20.1-2.6.6
		\-- voicechat_api 2.6.0
	- watut 1.20.1-1.1.1
	- waystones 14.1.3
	- zeta 1.0-16
[08Dec2025 18:04:41.981] [main/ERROR] [net.minecraftforge.fml.loading.RuntimeDistCleaner/DISTXFORM]: Attempted to load class net/minecraft/client/player/AbstractClientPlayer for invalid dist DEDICATED_SERVER
[08Dec2025 18:04:41.982] [main/WARN] [mixin/]: Error loading class: net/minecraft/client/player/AbstractClientPlayer (java.lang.RuntimeException: Attempted to load class net/minecraft/client/player/AbstractClientPlayer for invalid dist DEDICATED_SERVER)
[08Dec2025 18:04:41.982] [main/WARN] [mixin/]: @Mixin target net.minecraft.client.player.AbstractClientPlayer was not found tlskincape-mixins.json:MixinAbstractPlayer
[08Dec2025 18:04:41.984] [main/ERROR] [net.minecraftforge.fml.loading.RuntimeDistCleaner/DISTXFORM]: Attempted to load class net/minecraft/client/gui/screens/TitleScreen for invalid dist DEDICATED_SERVER
[08Dec2025 18:04:41.984] [main/WARN] [mixin/]: Error loading class: net/minecraft/client/gui/screens/TitleScreen (java.lang.RuntimeException: Attempted to load class net/minecraft/client/gui/screens/TitleScreen for invalid dist DEDICATED_SERVER)
[08Dec2025 18:04:41.984] [main/WARN] [mixin/]: @Mixin target net.minecraft.client.gui.screens.TitleScreen was not found tlskincape-mixins.json:MixinMainMenu
[08Dec2025 18:04:41.986] [main/WARN] [mixin/]: Error loading class: net/minecraft/client/model/PlayerModel (java.lang.ClassNotFoundException: net.minecraft.client.model.PlayerModel)
[08Dec2025 18:04:41.986] [main/WARN] [mixin/]: @Mixin target net.minecraft.client.model.PlayerModel was not found tlskincape-mixins.json:MixinPlayerModel
[08Dec2025 18:04:42.141] [main/INFO] [MixinExtras|Service/]: Initializing MixinExtras via com.llamalad7.mixinextras.service.MixinExtrasServiceImpl(version=0.4.1).
[08Dec2025 18:04:42.459] [main/WARN] [net.minecraft.SystemReport/]: Failed retrieving info for group hardware
java.lang.NoClassDefFoundError: com/sun/jna/Platform
	at oshi.SystemInfo.<clinit>(SystemInfo.java:60) ~[oshi-core-6.2.2.jar%2369!/:6.2.2]
	at net.minecraft.SystemReport.m_143564_(SystemReport.java:52) ~[server-1.20.1-20230612.114412-srg.jar%23261!/:?]
	at net.minecraft.SystemReport.m_143516_(SystemReport.java:82) ~[server-1.20.1-20230612.114412-srg.jar%23261!/:?]
	at net.minecraft.SystemReport.<init>(SystemReport.java:52) ~[server-1.20.1-20230612.114412-srg.jar%23261!/:?]
	at net.minecraft.CrashReport.<init>(CrashReport.java:31) ~[server-1.20.1-20230612.114412-srg.jar%23261!/:?]
	at net.minecraft.CrashReport.m_127529_(CrashReport.java:216) ~[server-1.20.1-20230612.114412-srg.jar%23261!/:?]
	at net.minecraft.server.Main.main(Main.java:116) ~[server-1.20.1-20230612.114412-srg.jar%23261!/:?]
	at jdk.internal.reflect.NativeMethodAccessorImpl.invoke0(Native Method) ~[?:?]
	at jdk.internal.reflect.NativeMethodAccessorImpl.invoke(NativeMethodAccessorImpl.java:77) ~[?:?]
	at jdk.internal.reflect.DelegatingMethodAccessorImpl.invoke(DelegatingMethodAccessorImpl.java:43) ~[?:?]
	at java.lang.reflect.Method.invoke(Method.java:569) ~[?:?]
	at net.minecraftforge.fml.loading.targets.CommonLaunchHandler.runTarget(CommonLaunchHandler.java:111) ~[fmlloader-1.20.1-47.3.7.jar%2367!/:?]
	at net.minecraftforge.fml.loading.targets.CommonLaunchHandler.serverService(CommonLaunchHandler.java:103) ~[fmlloader-1.20.1-47.3.7.jar%2367!/:?]
	at net.minecraftforge.fml.loading.targets.CommonServerLaunchHandler.lambda$makeService$0(CommonServerLaunchHandler.java:27) ~[fmlloader-1.20.1-47.3.7.jar%2367!/:?]
	at cpw.mods.modlauncher.LaunchServiceHandlerDecorator.launch(LaunchServiceHandlerDecorator.java:30) ~[modlauncher-10.0.9.jar%2353!/:?]
	at cpw.mods.modlauncher.LaunchServiceHandler.launch(LaunchServiceHandler.java:53) ~[modlauncher-10.0.9.jar%2353!/:?]
	at cpw.mods.modlauncher.LaunchServiceHandler.launch(LaunchServiceHandler.java:71) ~[modlauncher-10.0.9.jar%2353!/:?]
	at cpw.mods.modlauncher.Launcher.run(Launcher.java:108) ~[modlauncher-10.0.9.jar%2353!/:?]
	at cpw.mods.modlauncher.Launcher.main(Launcher.java:78) ~[modlauncher-10.0.9.jar%2353!/:?]
	at cpw.mods.modlauncher.BootstrapLaunchConsumer.accept(BootstrapLaunchConsumer.java:26) ~[modlauncher-10.0.9.jar%2353!/:?]
	at cpw.mods.modlauncher.BootstrapLaunchConsumer.accept(BootstrapLaunchConsumer.java:23) ~[modlauncher-10.0.9.jar%2353!/:?]
	at cpw.mods.bootstraplauncher.BootstrapLauncher.main(BootstrapLauncher.java:141) ~[bootstraplauncher-1.1.2.jar:?]
Caused by: java.lang.ClassNotFoundException: com.sun.jna.Platform
	at jdk.internal.loader.BuiltinClassLoader.loadClass(BuiltinClassLoader.java:641) ~[?:?]
	at java.lang.ClassLoader.loadClass(ClassLoader.java:525) ~[?:?]
	at cpw.mods.cl.ModuleClassLoader.loadClass(ModuleClassLoader.java:137) ~[securejarhandler-2.1.10.jar:?]
	at java.lang.ClassLoader.loadClass(ClassLoader.java:525) ~[?:?]
	... 22 more
[08Dec2025 18:04:49.012] [modloading-worker-0/INFO] [Easy NPC/]: Initializing Easy NPC (Forge) ...
[08Dec2025 18:04:49.012] [modloading-worker-0/INFO] [Easy NPC/]: 🗣 Register Easy NPC Debug Manager ...
[08Dec2025 18:04:49.024] [modloading-worker-0/WARN] [Easy NPC/]: [Debug Manager] Detected debug log level for Easy NPC with ALL!
[08Dec2025 18:04:49.025] [modloading-worker-0/WARN] [Easy NPC/]: [Debug Manager] Adjusting log level for Easy NPC from ALL to INFO, for performance reasons!
[08Dec2025 18:04:49.027] [modloading-worker-0/INFO] [Easy NPC/]: [Debug Manager] Add new logger config for Easy NPC with level INFO ...
[08Dec2025 18:04:49.030] [modloading-worker-0/INFO] [Easy NPC/]: 🗣 Register Easy NPC Constants ...
[08Dec2025 18:04:49.031] [modloading-worker-0/INFO] [Easy NPC/]: 🗣 Register Easy NPC Command Argument Types ...
[08Dec2025 18:04:49.055] [modloading-worker-0/INFO] [Easy NPC/]: 🗣 Register Easy NPC Entities Types ...
[08Dec2025 18:04:49.068] [modloading-worker-0/INFO] [Easy NPC/]: 🗣 Register Easy NPC Blocks ...
[08Dec2025 18:04:49.072] [modloading-worker-0/INFO] [Easy NPC/]: 🗣 Register Easy NPC Blocks Entity Types ...
[08Dec2025 18:04:49.073] [modloading-worker-0/INFO] [Easy NPC/]: 🗣 Register Easy NPC Items ...
[08Dec2025 18:04:49.092] [modloading-worker-0/INFO] [Easy NPC/]: 🗣 Register Easy NPC Menu Handler ...
[08Dec2025 18:04:49.116] [modloading-worker-0/INFO] [Easy NPC/]: Registering Easy NPC common config ...
[08Dec2025 18:04:49.135] [modloading-worker-0/INFO] [Easy NPC/]: 🗣 Register Easy NPC Menu Types ...
[08Dec2025 18:04:49.159] [modloading-worker-0/INFO] [Easy NPC/]: 🗣 Register Easy NPC Network Handler ...
[08Dec2025 18:04:49.172] [modloading-worker-0/INFO] [Easy NPC/]: 🗣 Register Easy NPC Client Network Message Handler ...
[08Dec2025 18:04:49.214] [modloading-worker-0/INFO] [Easy NPC/]: Registering Easy NPC client config ...
[08Dec2025 18:04:49.344] [modloading-worker-0/INFO] [Bookshelf/]: Fixing MC-151457. Crafting remainder for minecraft:pufferfish_bucket is now minecraft:bucket.
[08Dec2025 18:04:49.344] [modloading-worker-0/INFO] [Bookshelf/]: Fixing MC-151457. Crafting remainder for minecraft:salmon_bucket is now minecraft:bucket.
[08Dec2025 18:04:49.345] [modloading-worker-0/INFO] [Bookshelf/]: Fixing MC-151457. Crafting remainder for minecraft:cod_bucket is now minecraft:bucket.
[08Dec2025 18:04:49.345] [modloading-worker-0/INFO] [Bookshelf/]: Fixing MC-151457. Crafting remainder for minecraft:tropical_fish_bucket is now minecraft:bucket.
[08Dec2025 18:04:49.345] [modloading-worker-0/INFO] [Bookshelf/]: Fixing MC-151457. Crafting remainder for minecraft:axolotl_bucket is now minecraft:bucket.
[08Dec2025 18:04:49.345] [modloading-worker-0/INFO] [Bookshelf/]: Fixing MC-151457. Crafting remainder for minecraft:powder_snow_bucket is now minecraft:bucket.
[08Dec2025 18:04:49.345] [modloading-worker-0/INFO] [Bookshelf/]: Fixing MC-151457. Crafting remainder for minecraft:tadpole_bucket is now minecraft:bucket.
[08Dec2025 18:04:49.374] [modloading-worker-0/INFO] [de.keksuccino.konkrete.Konkrete/]: [KONKRETE] Successfully initialized!
[08Dec2025 18:04:49.374] [modloading-worker-0/INFO] [de.keksuccino.konkrete.Konkrete/]: [KONKRETE] Server-side libs ready to use!
[08Dec2025 18:04:50.115] [modloading-worker-0/INFO] [dev.architectury.networking.forge.NetworkManagerImpl/]: Registering C2S receiver with id architectury:sync_ids
[08Dec2025 18:04:50.204] [modloading-worker-0/INFO] [dev.architectury.networking.forge.NetworkManagerImpl/]: Registering C2S receiver with id otyacraftengine:block_entity_instruction
[08Dec2025 18:04:50.208] [modloading-worker-0/INFO] [dev.architectury.networking.forge.NetworkManagerImpl/]: Registering C2S receiver with id otyacraftengine:item_instruction
[08Dec2025 18:04:50.746] [modloading-worker-0/INFO] [Puzzles Lib/]: Constructing common components for enchantinginfuser:main
[08Dec2025 18:04:50.949] [modloading-worker-0/INFO] [com.jtorleonstudios.libraryferret.LibraryFerret/]: Initialize mod Library Ferret
[08Dec2025 18:04:50.965] [modloading-worker-0/INFO] [com.jtorleonstudios.libraryferret.LibraryFerret/]: Initialized mod Library Ferret
[08Dec2025 18:04:51.129] [modloading-worker-0/INFO] [dev.architectury.networking.forge.NetworkManagerImpl/]: Registering C2S receiver with id artifacts:networking_channel/42a7ad70b1cc371599a0eff744096b8a
[08Dec2025 18:04:51.131] [modloading-worker-0/INFO] [dev.architectury.networking.forge.NetworkManagerImpl/]: Registering C2S receiver with id artifacts:networking_channel/74a5e841822a3a87854ae896a33430d6
[08Dec2025 18:04:51.134] [modloading-worker-0/INFO] [dev.architectury.networking.forge.NetworkManagerImpl/]: Registering C2S receiver with id artifacts:networking_channel/eb3d1e2748533430848cadf0f37c7e9c
[08Dec2025 18:04:51.138] [modloading-worker-0/INFO] [dev.architectury.networking.forge.NetworkManagerImpl/]: Registering C2S receiver with id artifacts:networking_channel/91c8520f19f93b3e8b6a727568e194ab
[08Dec2025 18:04:51.142] [modloading-worker-0/INFO] [dev.architectury.networking.forge.NetworkManagerImpl/]: Registering C2S receiver with id artifacts:networking_channel/8c2784d778293fd482ed84b8aa5fedb9
[08Dec2025 18:04:51.145] [modloading-worker-0/INFO] [dev.architectury.networking.forge.NetworkManagerImpl/]: Registering C2S receiver with id artifacts:networking_channel/ea038224ea783d40b2863f52239e2604
[08Dec2025 18:04:51.151] [modloading-worker-0/INFO] [dev.architectury.networking.forge.NetworkManagerImpl/]: Registering C2S receiver with id artifacts:networking_channel/97ad64b7ecaf33209991c4f031501a58
[08Dec2025 18:04:51.189] [modloading-worker-0/INFO] [graveyard/]: Registered JSON trade offer adapter.
[08Dec2025 18:04:51.214] [modloading-worker-0/INFO] [coroutil/]: forge loader environment detected
[08Dec2025 18:04:51.263] [modloading-worker-0/INFO] [net.minecraftforge.common.ForgeMod/FORGEMOD]: Forge mod loading, version 47.3.7, for MC 1.20.1 with MCP 20230612.114412
[08Dec2025 18:04:51.263] [modloading-worker-0/INFO] [net.minecraftforge.common.MinecraftForge/FORGE]: MinecraftForge v47.3.7 Initialized
[08Dec2025 18:04:51.570] [modloading-worker-0/INFO] [com.simibubi.create.Create/]: Create 6.0.8 initializing! Commit hash: 1a1a9a2819b4f89f78caec41b55ed8cb222fa24b
[08Dec2025 18:04:51.605] [modloading-worker-0/INFO] [com.teamdurt.netherdungeons.NetherDungeons/]: Nether Dungeons mod init finished.
[08Dec2025 18:04:52.209] [modloading-worker-0/INFO] [Puzzles Lib/]: Constructing common components for puzzleslib:main
[08Dec2025 18:04:52.341] [modloading-worker-0/INFO] [be.florens.expandability.ExpandAbility/]: ExpandAbility here, who dis?
[08Dec2025 18:04:53.779] [main/WARN] [net.minecraftforge.registries.ForgeRegistry/REGISTRIES]: Registry minecraft:sound_event: The object net.minecraft.sounds.SoundEvent@63dd100c has been registered twice for the same name treechop:chop_wood.
[08Dec2025 18:04:53.857] [main/INFO] [zeta-internal/]: Dispatching ZRegister to 3 listeners
[08Dec2025 18:04:53.863] [main/INFO] [zeta-internal/]: Dispatching ZRegister$Post to 1 listener
[08Dec2025 18:05:00.011] [main/WARN] [dev.architectury.registry.registries.forge.RegistrarManagerImpl/]: Registry entry listened Registry Entry [minecraft:entity_type / bloomingnature:boar] was not realized!
[08Dec2025 18:05:00.012] [main/WARN] [dev.architectury.registry.registries.forge.RegistrarManagerImpl/]: Registry entry listened Registry Entry [minecraft:entity_type / mca:female_villager] was not realized!
[08Dec2025 18:05:00.012] [main/WARN] [dev.architectury.registry.registries.forge.RegistrarManagerImpl/]: Registry entry listened Registry Entry [minecraft:entity_type / bloomingnature:raccoon] was not realized!
[08Dec2025 18:05:00.012] [main/WARN] [dev.architectury.registry.registries.forge.RegistrarManagerImpl/]: Registry entry listened Registry Entry [minecraft:entity_type / vinery:wandering_winemaker] was not realized!
[08Dec2025 18:05:00.012] [main/WARN] [dev.architectury.registry.registries.forge.RegistrarManagerImpl/]: Registry entry listened Registry Entry [minecraft:entity_type / bloomingnature:red_wolf] was not realized!
[08Dec2025 18:05:00.012] [main/WARN] [dev.architectury.registry.registries.forge.RegistrarManagerImpl/]: Registry entry listened Registry Entry [minecraft:entity_type / bloomingnature:squirrel] was not realized!
[08Dec2025 18:05:00.012] [main/WARN] [dev.architectury.registry.registries.forge.RegistrarManagerImpl/]: Registry entry listened Registry Entry [minecraft:entity_type / bloomingnature:bison] was not realized!
[08Dec2025 18:05:00.012] [main/WARN] [dev.architectury.registry.registries.forge.RegistrarManagerImpl/]: Registry entry listened Registry Entry [minecraft:entity_type / vinery:mule] was not realized!
[08Dec2025 18:05:00.012] [main/WARN] [dev.architectury.registry.registries.forge.RegistrarManagerImpl/]: Registry entry listened Registry Entry [minecraft:entity_type / bloomingnature:pelican] was not realized!
[08Dec2025 18:05:00.012] [main/WARN] [dev.architectury.registry.registries.forge.RegistrarManagerImpl/]: Registry entry listened Registry Entry [minecraft:entity_type / bloomingnature:termite] was not realized!
[08Dec2025 18:05:00.013] [main/WARN] [dev.architectury.registry.registries.forge.RegistrarManagerImpl/]: Registry entry listened Registry Entry [minecraft:entity_type / mca:grim_reaper] was not realized!
[08Dec2025 18:05:00.013] [main/WARN] [dev.architectury.registry.registries.forge.RegistrarManagerImpl/]: Registry entry listened Registry Entry [minecraft:entity_type / bloomingnature:muddy_pig] was not realized!
[08Dec2025 18:05:00.013] [main/WARN] [dev.architectury.registry.registries.forge.RegistrarManagerImpl/]: Registry entry listened Registry Entry [minecraft:entity_type / bloomingnature:wandering_gardener] was not realized!
[08Dec2025 18:05:00.013] [main/WARN] [dev.architectury.registry.registries.forge.RegistrarManagerImpl/]: Registry entry listened Registry Entry [minecraft:entity_type / bloomingnature:deer] was not realized!
[08Dec2025 18:05:00.013] [main/WARN] [dev.architectury.registry.registries.forge.RegistrarManagerImpl/]: Registry entry listened Registry Entry [minecraft:entity_type / bloomingnature:mossy_sheep] was not realized!
[08Dec2025 18:05:00.013] [main/WARN] [dev.architectury.registry.registries.forge.RegistrarManagerImpl/]: Registry entry listened Registry Entry [minecraft:entity_type / mca:female_zombie_villager] was not realized!
[08Dec2025 18:05:00.013] [main/WARN] [dev.architectury.registry.registries.forge.RegistrarManagerImpl/]: Registry entry listened Registry Entry [minecraft:entity_type / mca:male_villager] was not realized!
[08Dec2025 18:05:00.013] [main/WARN] [dev.architectury.registry.registries.forge.RegistrarManagerImpl/]: Registry entry listened Registry Entry [minecraft:entity_type / bloomingnature:owl] was not realized!
[08Dec2025 18:05:00.013] [main/WARN] [dev.architectury.registry.registries.forge.RegistrarManagerImpl/]: Registry entry listened Registry Entry [minecraft:entity_type / artifacts:mimic] was not realized!
[08Dec2025 18:05:00.013] [main/WARN] [dev.architectury.registry.registries.forge.RegistrarManagerImpl/]: Registry entry listened Registry Entry [minecraft:entity_type / bloomingnature:turkey] was not realized!
[08Dec2025 18:05:00.013] [main/WARN] [dev.architectury.registry.registries.forge.RegistrarManagerImpl/]: Registry entry listened Registry Entry [minecraft:entity_type / mca:male_zombie_villager] was not realized!
[08Dec2025 18:05:00.014] [main/WARN] [dev.architectury.registry.registries.forge.RegistrarManagerImpl/]: Registry entry listened Registry Entry [minecraft:entity_type / bloomingnature:boar] was not realized!
[08Dec2025 18:05:00.015] [main/WARN] [dev.architectury.registry.registries.forge.RegistrarManagerImpl/]: Registry entry listened Registry Entry [minecraft:entity_type / mca:female_villager] was not realized!
[08Dec2025 18:05:00.015] [main/WARN] [dev.architectury.registry.registries.forge.RegistrarManagerImpl/]: Registry entry listened Registry Entry [minecraft:entity_type / bloomingnature:raccoon] was not realized!
[08Dec2025 18:05:00.015] [main/WARN] [dev.architectury.registry.registries.forge.RegistrarManagerImpl/]: Registry entry listened Registry Entry [minecraft:entity_type / vinery:wandering_winemaker] was not realized!
[08Dec2025 18:05:00.015] [main/WARN] [dev.architectury.registry.registries.forge.RegistrarManagerImpl/]: Registry entry listened Registry Entry [minecraft:entity_type / bloomingnature:red_wolf] was not realized!
[08Dec2025 18:05:00.015] [main/WARN] [dev.architectury.registry.registries.forge.RegistrarManagerImpl/]: Registry entry listened Registry Entry [minecraft:entity_type / bloomingnature:squirrel] was not realized!
[08Dec2025 18:05:00.015] [main/WARN] [dev.architectury.registry.registries.forge.RegistrarManagerImpl/]: Registry entry listened Registry Entry [minecraft:entity_type / bloomingnature:bison] was not realized!
[08Dec2025 18:05:00.015] [main/WARN] [dev.architectury.registry.registries.forge.RegistrarManagerImpl/]: Registry entry listened Registry Entry [minecraft:entity_type / vinery:mule] was not realized!
[08Dec2025 18:05:00.015] [main/WARN] [dev.architectury.registry.registries.forge.RegistrarManagerImpl/]: Registry entry listened Registry Entry [minecraft:entity_type / bloomingnature:pelican] was not realized!
[08Dec2025 18:05:00.015] [main/WARN] [dev.architectury.registry.registries.forge.RegistrarManagerImpl/]: Registry entry listened Registry Entry [minecraft:entity_type / bloomingnature:termite] was not realized!
[08Dec2025 18:05:00.016] [main/WARN] [dev.architectury.registry.registries.forge.RegistrarManagerImpl/]: Registry entry listened Registry Entry [minecraft:entity_type / mca:grim_reaper] was not realized!
[08Dec2025 18:05:00.016] [main/WARN] [dev.architectury.registry.registries.forge.RegistrarManagerImpl/]: Registry entry listened Registry Entry [minecraft:entity_type / bloomingnature:muddy_pig] was not realized!
[08Dec2025 18:05:00.016] [main/WARN] [dev.architectury.registry.registries.forge.RegistrarManagerImpl/]: Registry entry listened Registry Entry [minecraft:entity_type / bloomingnature:wandering_gardener] was not realized!
[08Dec2025 18:05:00.016] [main/WARN] [dev.architectury.registry.registries.forge.RegistrarManagerImpl/]: Registry entry listened Registry Entry [minecraft:entity_type / bloomingnature:deer] was not realized!
[08Dec2025 18:05:00.016] [main/WARN] [dev.architectury.registry.registries.forge.RegistrarManagerImpl/]: Registry entry listened Registry Entry [minecraft:entity_type / bloomingnature:mossy_sheep] was not realized!
[08Dec2025 18:05:00.016] [main/WARN] [dev.architectury.registry.registries.forge.RegistrarManagerImpl/]: Registry entry listened Registry Entry [minecraft:entity_type / mca:female_zombie_villager] was not realized!
[08Dec2025 18:05:00.016] [main/WARN] [dev.architectury.registry.registries.forge.RegistrarManagerImpl/]: Registry entry listened Registry Entry [minecraft:entity_type / mca:male_villager] was not realized!
[08Dec2025 18:05:00.017] [main/WARN] [dev.architectury.registry.registries.forge.RegistrarManagerImpl/]: Registry entry listened Registry Entry [minecraft:entity_type / bloomingnature:owl] was not realized!
[08Dec2025 18:05:00.017] [main/WARN] [dev.architectury.registry.registries.forge.RegistrarManagerImpl/]: Registry entry listened Registry Entry [minecraft:entity_type / artifacts:mimic] was not realized!
[08Dec2025 18:05:00.017] [main/WARN] [dev.architectury.registry.registries.forge.RegistrarManagerImpl/]: Registry entry listened Registry Entry [minecraft:entity_type / bloomingnature:turkey] was not realized!
[08Dec2025 18:05:00.017] [main/WARN] [dev.architectury.registry.registries.forge.RegistrarManagerImpl/]: Registry entry listened Registry Entry [minecraft:entity_type / mca:male_zombie_villager] was not realized!
[08Dec2025 18:05:00.021] [main/WARN] [dev.architectury.registry.registries.forge.RegistrarManagerImpl/]: Registry entry listened Registry Entry [minecraft:entity_type / bloomingnature:boar] was not realized!
[08Dec2025 18:05:00.021] [main/WARN] [dev.architectury.registry.registries.forge.RegistrarManagerImpl/]: Registry entry listened Registry Entry [minecraft:entity_type / mca:female_villager] was not realized!
[08Dec2025 18:05:00.021] [main/WARN] [dev.architectury.registry.registries.forge.RegistrarManagerImpl/]: Registry entry listened Registry Entry [minecraft:entity_type / bloomingnature:raccoon] was not realized!
[08Dec2025 18:05:00.021] [main/WARN] [dev.architectury.registry.registries.forge.RegistrarManagerImpl/]: Registry entry listened Registry Entry [minecraft:entity_type / bloomingnature:red_wolf] was not realized!
[08Dec2025 18:05:00.021] [main/WARN] [dev.architectury.registry.registries.forge.RegistrarManagerImpl/]: Registry entry listened Registry Entry [minecraft:entity_type / bloomingnature:squirrel] was not realized!
[08Dec2025 18:05:00.022] [main/WARN] [dev.architectury.registry.registries.forge.RegistrarManagerImpl/]: Registry entry listened Registry Entry [minecraft:entity_type / bloomingnature:bison] was not realized!
[08Dec2025 18:05:00.022] [main/WARN] [dev.architectury.registry.registries.forge.RegistrarManagerImpl/]: Registry entry listened Registry Entry [minecraft:entity_type / bloomingnature:pelican] was not realized!
[08Dec2025 18:05:00.022] [main/WARN] [dev.architectury.registry.registries.forge.RegistrarManagerImpl/]: Registry entry listened Registry Entry [minecraft:entity_type / bloomingnature:termite] was not realized!
[08Dec2025 18:05:00.022] [main/WARN] [dev.architectury.registry.registries.forge.RegistrarManagerImpl/]: Registry entry listened Registry Entry [minecraft:entity_type / mca:grim_reaper] was not realized!
[08Dec2025 18:05:00.022] [main/WARN] [dev.architectury.registry.registries.forge.RegistrarManagerImpl/]: Registry entry listened Registry Entry [minecraft:entity_type / bloomingnature:muddy_pig] was not realized!
[08Dec2025 18:05:00.022] [main/WARN] [dev.architectury.registry.registries.forge.RegistrarManagerImpl/]: Registry entry listened Registry Entry [minecraft:entity_type / bloomingnature:wandering_gardener] was not realized!
[08Dec2025 18:05:00.022] [main/WARN] [dev.architectury.registry.registries.forge.RegistrarManagerImpl/]: Registry entry listened Registry Entry [minecraft:entity_type / bloomingnature:deer] was not realized!
[08Dec2025 18:05:00.022] [main/WARN] [dev.architectury.registry.registries.forge.RegistrarManagerImpl/]: Registry entry listened Registry Entry [minecraft:entity_type / bloomingnature:mossy_sheep] was not realized!
[08Dec2025 18:05:00.022] [main/WARN] [dev.architectury.registry.registries.forge.RegistrarManagerImpl/]: Registry entry listened Registry Entry [minecraft:entity_type / mca:female_zombie_villager] was not realized!
[08Dec2025 18:05:00.022] [main/WARN] [dev.architectury.registry.registries.forge.RegistrarManagerImpl/]: Registry entry listened Registry Entry [minecraft:entity_type / mca:male_villager] was not realized!
[08Dec2025 18:05:00.022] [main/WARN] [dev.architectury.registry.registries.forge.RegistrarManagerImpl/]: Registry entry listened Registry Entry [minecraft:entity_type / bloomingnature:owl] was not realized!
[08Dec2025 18:05:00.023] [main/WARN] [dev.architectury.registry.registries.forge.RegistrarManagerImpl/]: Registry entry listened Registry Entry [minecraft:entity_type / artifacts:mimic] was not realized!
[08Dec2025 18:05:00.023] [main/WARN] [dev.architectury.registry.registries.forge.RegistrarManagerImpl/]: Registry entry listened Registry Entry [minecraft:entity_type / bloomingnature:turkey] was not realized!
[08Dec2025 18:05:00.023] [main/WARN] [dev.architectury.registry.registries.forge.RegistrarManagerImpl/]: Registry entry listened Registry Entry [minecraft:entity_type / mca:male_zombie_villager] was not realized!
[08Dec2025 18:05:00.028] [main/WARN] [dev.architectury.registry.registries.forge.RegistrarManagerImpl/]: Registry entry listened Registry Entry [minecraft:entity_type / mca:female_villager] was not realized!
[08Dec2025 18:05:00.028] [main/WARN] [dev.architectury.registry.registries.forge.RegistrarManagerImpl/]: Registry entry listened Registry Entry [minecraft:entity_type / mca:grim_reaper] was not realized!
[08Dec2025 18:05:00.029] [main/WARN] [dev.architectury.registry.registries.forge.RegistrarManagerImpl/]: Registry entry listened Registry Entry [minecraft:entity_type / mca:female_zombie_villager] was not realized!
[08Dec2025 18:05:00.029] [main/WARN] [dev.architectury.registry.registries.forge.RegistrarManagerImpl/]: Registry entry listened Registry Entry [minecraft:entity_type / mca:male_villager] was not realized!
[08Dec2025 18:05:00.029] [main/WARN] [dev.architectury.registry.registries.forge.RegistrarManagerImpl/]: Registry entry listened Registry Entry [minecraft:entity_type / artifacts:mimic] was not realized!
[08Dec2025 18:05:00.029] [main/WARN] [dev.architectury.registry.registries.forge.RegistrarManagerImpl/]: Registry entry listened Registry Entry [minecraft:entity_type / mca:male_zombie_villager] was not realized!
[08Dec2025 18:05:00.121] [main/WARN] [dev.architectury.registry.registries.forge.RegistrarManagerImpl/]: Registry entry listened Registry Entry [minecraft:entity_type / artifacts:mimic] was not realized!
[08Dec2025 18:05:00.127] [main/WARN] [dev.architectury.registry.registries.forge.RegistrarManagerImpl/]: Registry entry listened Registry Entry [minecraft:entity_type / artifacts:mimic] was not realized!
[08Dec2025 18:05:00.804] [main/WARN] [Easy NPC/]: [Custom Entity Data] Please define a custom index instead of using the auto-generated.
[08Dec2025 18:05:00.809] [main/INFO] [Easy NPC/]: Register data serializers ...
[08Dec2025 18:05:00.809] [main/INFO] [Easy NPC/]: - Registering Synched Attack Data for EasyNPCBaseEntity.
[08Dec2025 18:05:00.809] [main/WARN] [net.minecraft.network.syncher.SynchedEntityData/]: defineId called for: class de.markusbordihn.easynpc.entity.EasyNPCBaseEntity from interface de.markusbordihn.easynpc.entity.easynpc.data.AttackData
[08Dec2025 18:05:00.810] [main/WARN] [net.minecraft.network.syncher.SynchedEntityData/]: defineId called for: class de.markusbordihn.easynpc.entity.EasyNPCBaseEntity from interface de.markusbordihn.easynpc.entity.easynpc.data.AttackData
[08Dec2025 18:05:00.810] [main/INFO] [Easy NPC/]: - Registering Synched Attribute Data for EasyNPCBaseEntity.
[08Dec2025 18:05:00.810] [main/WARN] [net.minecraft.network.syncher.SynchedEntityData/]: defineId called for: class de.markusbordihn.easynpc.entity.EasyNPCBaseEntity from interface de.markusbordihn.easynpc.entity.easynpc.data.AttributeData
[08Dec2025 18:05:00.810] [main/WARN] [net.minecraft.network.syncher.SynchedEntityData/]: defineId called for: class de.markusbordihn.easynpc.entity.EasyNPCBaseEntity from interface de.markusbordihn.easynpc.entity.easynpc.data.AttributeData
[08Dec2025 18:05:00.810] [main/WARN] [net.minecraft.network.syncher.SynchedEntityData/]: defineId called for: class de.markusbordihn.easynpc.entity.EasyNPCBaseEntity from interface de.markusbordihn.easynpc.entity.easynpc.data.AttributeData
[08Dec2025 18:05:00.811] [main/WARN] [net.minecraft.network.syncher.SynchedEntityData/]: defineId called for: class de.markusbordihn.easynpc.entity.EasyNPCBaseEntity from interface de.markusbordihn.easynpc.entity.easynpc.data.AttributeData
[08Dec2025 18:05:00.811] [main/WARN] [net.minecraft.network.syncher.SynchedEntityData/]: defineId called for: class de.markusbordihn.easynpc.entity.EasyNPCBaseEntity from interface de.markusbordihn.easynpc.entity.easynpc.data.AttributeData
[08Dec2025 18:05:00.811] [main/WARN] [net.minecraft.network.syncher.SynchedEntityData/]: defineId called for: class de.markusbordihn.easynpc.entity.EasyNPCBaseEntity from interface de.markusbordihn.easynpc.entity.easynpc.data.AttributeData
[08Dec2025 18:05:00.811] [main/WARN] [net.minecraft.network.syncher.SynchedEntityData/]: defineId called for: class de.markusbordihn.easynpc.entity.EasyNPCBaseEntity from interface de.markusbordihn.easynpc.entity.easynpc.data.AttributeData
[08Dec2025 18:05:00.811] [main/WARN] [net.minecraft.network.syncher.SynchedEntityData/]: defineId called for: class de.markusbordihn.easynpc.entity.EasyNPCBaseEntity from interface de.markusbordihn.easynpc.entity.easynpc.data.AttributeData
[08Dec2025 18:05:00.812] [main/WARN] [net.minecraft.network.syncher.SynchedEntityData/]: defineId called for: class de.markusbordihn.easynpc.entity.EasyNPCBaseEntity from interface de.markusbordihn.easynpc.entity.easynpc.data.AttributeData
[08Dec2025 18:05:00.812] [main/WARN] [net.minecraft.network.syncher.SynchedEntityData/]: defineId called for: class de.markusbordihn.easynpc.entity.EasyNPCBaseEntity from interface de.markusbordihn.easynpc.entity.easynpc.data.AttributeData
[08Dec2025 18:05:00.812] [main/WARN] [net.minecraft.network.syncher.SynchedEntityData/]: defineId called for: class de.markusbordihn.easynpc.entity.EasyNPCBaseEntity from interface de.markusbordihn.easynpc.entity.easynpc.data.AttributeData
[08Dec2025 18:05:00.812] [main/WARN] [net.minecraft.network.syncher.SynchedEntityData/]: defineId called for: class de.markusbordihn.easynpc.entity.EasyNPCBaseEntity from interface de.markusbordihn.easynpc.entity.easynpc.data.AttributeData
[08Dec2025 18:05:00.812] [main/INFO] [Easy NPC/]: - Registering Synched Navigation Data for EasyNPCBaseEntity.
[08Dec2025 18:05:00.813] [main/WARN] [net.minecraft.network.syncher.SynchedEntityData/]: defineId called for: class de.markusbordihn.easynpc.entity.EasyNPCBaseEntity from interface de.markusbordihn.easynpc.entity.easynpc.data.NavigationData
[08Dec2025 18:05:00.813] [main/INFO] [Easy NPC/]: - Registering Synched Owner Data for EasyNPCBaseEntity.
[08Dec2025 18:05:00.813] [main/WARN] [net.minecraft.network.syncher.SynchedEntityData/]: defineId called for: class de.markusbordihn.easynpc.entity.EasyNPCBaseEntity from interface de.markusbordihn.easynpc.entity.easynpc.data.OwnerData
[08Dec2025 18:05:00.813] [main/INFO] [Easy NPC/]: - Registering Synched Profession Data for EasyNPCBaseEntity.
[08Dec2025 18:05:00.813] [main/WARN] [net.minecraft.network.syncher.SynchedEntityData/]: defineId called for: class de.markusbordihn.easynpc.entity.EasyNPCBaseEntity from interface de.markusbordihn.easynpc.entity.easynpc.data.ProfessionData
[08Dec2025 18:05:00.813] [main/INFO] [Easy NPC/]: - Registering Synched Render Data for EasyNPCBaseEntity.
[08Dec2025 18:05:00.814] [main/WARN] [net.minecraft.network.syncher.SynchedEntityData/]: defineId called for: class de.markusbordihn.easynpc.entity.EasyNPCBaseEntity from interface de.markusbordihn.easynpc.entity.easynpc.data.RenderData
[08Dec2025 18:05:00.814] [main/INFO] [Easy NPC/]: - Registering Synched Skin Data for EasyNPCBaseEntity.
[08Dec2025 18:05:00.814] [main/WARN] [net.minecraft.network.syncher.SynchedEntityData/]: defineId called for: class de.markusbordihn.easynpc.entity.EasyNPCBaseEntity from interface de.markusbordihn.easynpc.entity.easynpc.data.SkinData
[08Dec2025 18:05:00.814] [main/WARN] [net.minecraft.network.syncher.SynchedEntityData/]: defineId called for: class de.markusbordihn.easynpc.entity.EasyNPCBaseEntity from interface de.markusbordihn.easynpc.entity.easynpc.data.SkinData
[08Dec2025 18:05:00.814] [main/WARN] [net.minecraft.network.syncher.SynchedEntityData/]: defineId called for: class de.markusbordihn.easynpc.entity.EasyNPCBaseEntity from interface de.markusbordihn.easynpc.entity.easynpc.data.SkinData
[08Dec2025 18:05:00.814] [main/WARN] [net.minecraft.network.syncher.SynchedEntityData/]: defineId called for: class de.markusbordihn.easynpc.entity.EasyNPCBaseEntity from interface de.markusbordihn.easynpc.entity.easynpc.data.SkinData
[08Dec2025 18:05:00.815] [main/INFO] [Easy NPC/]: - Registering Synched Sound Data for EasyNPCBaseEntity.
[08Dec2025 18:05:00.815] [main/WARN] [net.minecraft.network.syncher.SynchedEntityData/]: defineId called for: class de.markusbordihn.easynpc.entity.EasyNPCBaseEntity from interface de.markusbordihn.easynpc.entity.easynpc.data.SoundData
[08Dec2025 18:05:00.815] [main/INFO] [Easy NPC/]: - Registering Synched Trading Data for EasyNPCBaseEntity.
[08Dec2025 18:05:00.815] [main/WARN] [net.minecraft.network.syncher.SynchedEntityData/]: defineId called for: class de.markusbordihn.easynpc.entity.EasyNPCBaseEntity from interface de.markusbordihn.easynpc.entity.easynpc.data.TradingData
[08Dec2025 18:05:00.815] [main/WARN] [net.minecraft.network.syncher.SynchedEntityData/]: defineId called for: class de.markusbordihn.easynpc.entity.EasyNPCBaseEntity from interface de.markusbordihn.easynpc.entity.easynpc.data.TradingData
[08Dec2025 18:05:00.816] [main/WARN] [net.minecraft.network.syncher.SynchedEntityData/]: defineId called for: class de.markusbordihn.easynpc.entity.EasyNPCBaseEntity from interface de.markusbordihn.easynpc.entity.easynpc.data.TradingData
[08Dec2025 18:05:00.816] [main/WARN] [net.minecraft.network.syncher.SynchedEntityData/]: defineId called for: class de.markusbordihn.easynpc.entity.EasyNPCBaseEntity from interface de.markusbordihn.easynpc.entity.easynpc.data.TradingData
[08Dec2025 18:05:00.816] [main/WARN] [net.minecraft.network.syncher.SynchedEntityData/]: defineId called for: class de.markusbordihn.easynpc.entity.EasyNPCBaseEntity from interface de.markusbordihn.easynpc.entity.easynpc.data.TradingData
[08Dec2025 18:05:00.816] [main/WARN] [net.minecraft.network.syncher.SynchedEntityData/]: defineId called for: class de.markusbordihn.easynpc.entity.EasyNPCBaseEntity from interface de.markusbordihn.easynpc.entity.easynpc.data.TradingData
[08Dec2025 18:05:00.816] [main/INFO] [Easy NPC/]: - Registering Synched Variant Data for EasyNPCBaseEntity.
[08Dec2025 18:05:00.817] [main/WARN] [net.minecraft.network.syncher.SynchedEntityData/]: defineId called for: class de.markusbordihn.easynpc.entity.EasyNPCBaseEntity from interface de.markusbordihn.easynpc.entity.easynpc.data.VariantData
[08Dec2025 18:05:00.840] [main/INFO] [Easy NPC/]: Register model data serializers for ...
[08Dec2025 18:05:00.840] [main/INFO] [Easy NPC/]: - Registering Synched Model Data for EasyNPCBaseModelEntity.
[08Dec2025 18:05:00.841] [main/WARN] [net.minecraft.network.syncher.SynchedEntityData/]: defineId called for: class de.markusbordihn.easynpc.entity.EasyNPCBaseModelEntity from interface de.markusbordihn.easynpc.entity.easynpc.data.ModelData
[08Dec2025 18:05:00.841] [main/WARN] [net.minecraft.network.syncher.SynchedEntityData/]: defineId called for: class de.markusbordihn.easynpc.entity.EasyNPCBaseModelEntity from interface de.markusbordihn.easynpc.entity.easynpc.data.ModelData
[08Dec2025 18:05:00.841] [main/WARN] [net.minecraft.network.syncher.SynchedEntityData/]: defineId called for: class de.markusbordihn.easynpc.entity.EasyNPCBaseModelEntity from interface de.markusbordihn.easynpc.entity.easynpc.data.ModelData
[08Dec2025 18:05:00.841] [main/WARN] [net.minecraft.network.syncher.SynchedEntityData/]: defineId called for: class de.markusbordihn.easynpc.entity.EasyNPCBaseModelEntity from interface de.markusbordihn.easynpc.entity.easynpc.data.ModelData
[08Dec2025 18:05:00.841] [main/WARN] [net.minecraft.network.syncher.SynchedEntityData/]: defineId called for: class de.markusbordihn.easynpc.entity.EasyNPCBaseModelEntity from interface de.markusbordihn.easynpc.entity.easynpc.data.ModelData
[08Dec2025 18:05:00.842] [main/WARN] [net.minecraft.network.syncher.SynchedEntityData/]: defineId called for: class de.markusbordihn.easynpc.entity.EasyNPCBaseModelEntity from interface de.markusbordihn.easynpc.entity.easynpc.data.ModelData
[08Dec2025 18:05:00.842] [main/WARN] [net.minecraft.network.syncher.SynchedEntityData/]: defineId called for: class de.markusbordihn.easynpc.entity.EasyNPCBaseModelEntity from interface de.markusbordihn.easynpc.entity.easynpc.data.ModelData
[08Dec2025 18:05:00.842] [main/WARN] [net.minecraft.network.syncher.SynchedEntityData/]: defineId called for: class de.markusbordihn.easynpc.entity.EasyNPCBaseModelEntity from interface de.markusbordihn.easynpc.entity.easynpc.data.ModelData
[08Dec2025 18:05:00.842] [main/WARN] [net.minecraft.network.syncher.SynchedEntityData/]: defineId called for: class de.markusbordihn.easynpc.entity.EasyNPCBaseModelEntity from interface de.markusbordihn.easynpc.entity.easynpc.data.ModelData
[08Dec2025 18:05:00.842] [main/INFO] [Easy NPC/]: - Registering Synched Model Position Data for EasyNPCBaseModelEntity.
[08Dec2025 18:05:00.843] [main/WARN] [net.minecraft.network.syncher.SynchedEntityData/]: defineId called for: class de.markusbordihn.easynpc.entity.EasyNPCBaseModelEntity from interface de.markusbordihn.easynpc.entity.easynpc.data.ModelPositionData
[08Dec2025 18:05:00.843] [main/WARN] [net.minecraft.network.syncher.SynchedEntityData/]: defineId called for: class de.markusbordihn.easynpc.entity.EasyNPCBaseModelEntity from interface de.markusbordihn.easynpc.entity.easynpc.data.ModelPositionData
[08Dec2025 18:05:00.843] [main/WARN] [net.minecraft.network.syncher.SynchedEntityData/]: defineId called for: class de.markusbordihn.easynpc.entity.EasyNPCBaseModelEntity from interface de.markusbordihn.easynpc.entity.easynpc.data.ModelPositionData
[08Dec2025 18:05:00.843] [main/WARN] [net.minecraft.network.syncher.SynchedEntityData/]: defineId called for: class de.markusbordihn.easynpc.entity.EasyNPCBaseModelEntity from interface de.markusbordihn.easynpc.entity.easynpc.data.ModelPositionData
[08Dec2025 18:05:00.843] [main/WARN] [net.minecraft.network.syncher.SynchedEntityData/]: defineId called for: class de.markusbordihn.easynpc.entity.EasyNPCBaseModelEntity from interface de.markusbordihn.easynpc.entity.easynpc.data.ModelPositionData
[08Dec2025 18:05:00.843] [main/WARN] [net.minecraft.network.syncher.SynchedEntityData/]: defineId called for: class de.markusbordihn.easynpc.entity.EasyNPCBaseModelEntity from interface de.markusbordihn.easynpc.entity.easynpc.data.ModelPositionData
[08Dec2025 18:05:00.844] [main/WARN] [net.minecraft.network.syncher.SynchedEntityData/]: defineId called for: class de.markusbordihn.easynpc.entity.EasyNPCBaseModelEntity from interface de.markusbordihn.easynpc.entity.easynpc.data.ModelPositionData
[08Dec2025 18:05:00.844] [main/INFO] [Easy NPC/]: - Registering Synched Model Rotation Data for EasyNPCBaseModelEntity.
[08Dec2025 18:05:00.844] [main/WARN] [net.minecraft.network.syncher.SynchedEntityData/]: defineId called for: class de.markusbordihn.easynpc.entity.EasyNPCBaseModelEntity from interface de.markusbordihn.easynpc.entity.easynpc.data.ModelRotationData
[08Dec2025 18:05:00.844] [main/WARN] [net.minecraft.network.syncher.SynchedEntityData/]: defineId called for: class de.markusbordihn.easynpc.entity.EasyNPCBaseModelEntity from interface de.markusbordihn.easynpc.entity.easynpc.data.ModelRotationData
[08Dec2025 18:05:00.844] [main/WARN] [net.minecraft.network.syncher.SynchedEntityData/]: defineId called for: class de.markusbordihn.easynpc.entity.EasyNPCBaseModelEntity from interface de.markusbordihn.easynpc.entity.easynpc.data.ModelRotationData
[08Dec2025 18:05:00.844] [main/WARN] [net.minecraft.network.syncher.SynchedEntityData/]: defineId called for: class de.markusbordihn.easynpc.entity.EasyNPCBaseModelEntity from interface de.markusbordihn.easynpc.entity.easynpc.data.ModelRotationData
[08Dec2025 18:05:00.845] [main/WARN] [net.minecraft.network.syncher.SynchedEntityData/]: defineId called for: class de.markusbordihn.easynpc.entity.EasyNPCBaseModelEntity from interface de.markusbordihn.easynpc.entity.easynpc.data.ModelRotationData
[08Dec2025 18:05:00.845] [main/WARN] [net.minecraft.network.syncher.SynchedEntityData/]: defineId called for: class de.markusbordihn.easynpc.entity.EasyNPCBaseModelEntity from interface de.markusbordihn.easynpc.entity.easynpc.data.ModelRotationData
[08Dec2025 18:05:00.845] [main/WARN] [net.minecraft.network.syncher.SynchedEntityData/]: defineId called for: class de.markusbordihn.easynpc.entity.EasyNPCBaseModelEntity from interface de.markusbordihn.easynpc.entity.easynpc.data.ModelRotationData
[08Dec2025 18:05:00.845] [main/WARN] [net.minecraft.network.syncher.SynchedEntityData/]: defineId called for: class de.markusbordihn.easynpc.entity.EasyNPCBaseModelEntity from interface de.markusbordihn.easynpc.entity.easynpc.data.ModelRotationData
[08Dec2025 18:05:00.845] [main/WARN] [net.minecraft.network.syncher.SynchedEntityData/]: defineId called for: class de.markusbordihn.easynpc.entity.EasyNPCBaseModelEntity from interface de.markusbordihn.easynpc.entity.easynpc.data.ModelRotationData
[08Dec2025 18:05:00.845] [main/INFO] [Easy NPC/]: - Registering Synched Model Visibility Data for EasyNPCBaseModelEntity.
[08Dec2025 18:05:00.846] [main/WARN] [net.minecraft.network.syncher.SynchedEntityData/]: defineId called for: class de.markusbordihn.easynpc.entity.EasyNPCBaseModelEntity from interface de.markusbordihn.easynpc.entity.easynpc.data.ModelVisibilityData
[08Dec2025 18:05:00.846] [main/WARN] [net.minecraft.network.syncher.SynchedEntityData/]: defineId called for: class de.markusbordihn.easynpc.entity.EasyNPCBaseModelEntity from interface de.markusbordihn.easynpc.entity.easynpc.data.ModelVisibilityData
[08Dec2025 18:05:00.846] [main/WARN] [net.minecraft.network.syncher.SynchedEntityData/]: defineId called for: class de.markusbordihn.easynpc.entity.EasyNPCBaseModelEntity from interface de.markusbordihn.easynpc.entity.easynpc.data.ModelVisibilityData
[08Dec2025 18:05:00.846] [main/WARN] [net.minecraft.network.syncher.SynchedEntityData/]: defineId called for: class de.markusbordihn.easynpc.entity.EasyNPCBaseModelEntity from interface de.markusbordihn.easynpc.entity.easynpc.data.ModelVisibilityData
[08Dec2025 18:05:00.846] [main/WARN] [net.minecraft.network.syncher.SynchedEntityData/]: defineId called for: class de.markusbordihn.easynpc.entity.EasyNPCBaseModelEntity from interface de.markusbordihn.easynpc.entity.easynpc.data.ModelVisibilityData
[08Dec2025 18:05:00.846] [main/WARN] [net.minecraft.network.syncher.SynchedEntityData/]: defineId called for: class de.markusbordihn.easynpc.entity.EasyNPCBaseModelEntity from interface de.markusbordihn.easynpc.entity.easynpc.data.ModelVisibilityData
[08Dec2025 18:05:00.846] [main/WARN] [net.minecraft.network.syncher.SynchedEntityData/]: defineId called for: class de.markusbordihn.easynpc.entity.EasyNPCBaseModelEntity from interface de.markusbordihn.easynpc.entity.easynpc.data.ModelVisibilityData
[08Dec2025 18:05:00.847] [main/WARN] [net.minecraft.network.syncher.SynchedEntityData/]: defineId called for: class de.markusbordihn.easynpc.entity.EasyNPCBaseModelEntity from interface de.markusbordihn.easynpc.entity.easynpc.data.ModelVisibilityData
[08Dec2025 18:05:00.847] [main/WARN] [net.minecraft.network.syncher.SynchedEntityData/]: defineId called for: class de.markusbordihn.easynpc.entity.EasyNPCBaseModelEntity from interface de.markusbordihn.easynpc.entity.easynpc.data.ModelVisibilityData
[08Dec2025 18:05:00.847] [main/WARN] [net.minecraft.network.syncher.SynchedEntityData/]: defineId called for: class de.markusbordihn.easynpc.entity.EasyNPCBaseModelEntity from interface de.markusbordihn.easynpc.entity.easynpc.data.ModelVisibilityData
[08Dec2025 18:05:00.847] [main/WARN] [net.minecraft.network.syncher.SynchedEntityData/]: defineId called for: class de.markusbordihn.easynpc.entity.EasyNPCBaseModelEntity from interface de.markusbordihn.easynpc.entity.easynpc.data.ModelVisibilityData
[08Dec2025 18:05:00.847] [main/INFO] [Easy NPC/]: - Registering Synched Scale Data for EasyNPCBaseModelEntity.
[08Dec2025 18:05:00.847] [main/WARN] [net.minecraft.network.syncher.SynchedEntityData/]: defineId called for: class de.markusbordihn.easynpc.entity.EasyNPCBaseModelEntity from interface de.markusbordihn.easynpc.entity.easynpc.data.ScaleData
[08Dec2025 18:05:00.848] [main/WARN] [net.minecraft.network.syncher.SynchedEntityData/]: defineId called for: class de.markusbordihn.easynpc.entity.EasyNPCBaseModelEntity from interface de.markusbordihn.easynpc.entity.easynpc.data.ScaleData
[08Dec2025 18:05:00.848] [main/WARN] [net.minecraft.network.syncher.SynchedEntityData/]: defineId called for: class de.markusbordihn.easynpc.entity.EasyNPCBaseModelEntity from interface de.markusbordihn.easynpc.entity.easynpc.data.ScaleData
[08Dec2025 18:05:00.884] [main/WARN] [net.minecraft.network.syncher.SynchedEntityData/]: defineId called for: class forge.net.mca.entity.VillagerEntityMCA from class forge.net.mca.util.network.datasync.CDataParameter
[08Dec2025 18:05:00.884] [main/WARN] [net.minecraft.network.syncher.SynchedEntityData/]: defineId called for: class forge.net.mca.entity.VillagerEntityMCA from class forge.net.mca.util.network.datasync.CDataParameter
[08Dec2025 18:05:00.884] [main/WARN] [net.minecraft.network.syncher.SynchedEntityData/]: defineId called for: class forge.net.mca.entity.VillagerEntityMCA from class forge.net.mca.util.network.datasync.CDataParameter
[08Dec2025 18:05:00.884] [main/WARN] [net.minecraft.network.syncher.SynchedEntityData/]: defineId called for: class forge.net.mca.entity.VillagerEntityMCA from class forge.net.mca.util.network.datasync.CDataParameter
[08Dec2025 18:05:00.885] [main/WARN] [net.minecraft.network.syncher.SynchedEntityData/]: defineId called for: class forge.net.mca.entity.VillagerEntityMCA from class forge.net.mca.util.network.datasync.CDataParameter
[08Dec2025 18:05:00.885] [main/WARN] [net.minecraft.network.syncher.SynchedEntityData/]: defineId called for: class forge.net.mca.entity.VillagerEntityMCA from class forge.net.mca.util.network.datasync.CDataParameter
[08Dec2025 18:05:00.885] [main/WARN] [net.minecraft.network.syncher.SynchedEntityData/]: defineId called for: class forge.net.mca.entity.VillagerEntityMCA from class forge.net.mca.util.network.datasync.CDataParameter
[08Dec2025 18:05:00.885] [main/WARN] [net.minecraft.network.syncher.SynchedEntityData/]: defineId called for: class forge.net.mca.entity.VillagerEntityMCA from class forge.net.mca.util.network.datasync.CEnumParameter
[08Dec2025 18:05:00.887] [main/WARN] [net.minecraft.network.syncher.SynchedEntityData/]: defineId called for: class forge.net.mca.entity.VillagerEntityMCA from class forge.net.mca.util.network.datasync.CDataParameter
[08Dec2025 18:05:00.887] [main/WARN] [net.minecraft.network.syncher.SynchedEntityData/]: defineId called for: class forge.net.mca.entity.VillagerEntityMCA from class forge.net.mca.util.network.datasync.CDataParameter
[08Dec2025 18:05:00.887] [main/WARN] [net.minecraft.network.syncher.SynchedEntityData/]: defineId called for: class forge.net.mca.entity.VillagerEntityMCA from class forge.net.mca.util.network.datasync.CDataParameter
[08Dec2025 18:05:00.888] [main/WARN] [net.minecraft.network.syncher.SynchedEntityData/]: defineId called for: class forge.net.mca.entity.VillagerEntityMCA from class forge.net.mca.util.network.datasync.CDataParameter
[08Dec2025 18:05:00.888] [main/WARN] [net.minecraft.network.syncher.SynchedEntityData/]: defineId called for: class forge.net.mca.entity.VillagerEntityMCA from class forge.net.mca.util.network.datasync.CDataParameter
[08Dec2025 18:05:00.888] [main/WARN] [net.minecraft.network.syncher.SynchedEntityData/]: defineId called for: class forge.net.mca.entity.VillagerEntityMCA from class forge.net.mca.util.network.datasync.CDataParameter
[08Dec2025 18:05:00.888] [main/WARN] [net.minecraft.network.syncher.SynchedEntityData/]: defineId called for: class forge.net.mca.entity.VillagerEntityMCA from class forge.net.mca.util.network.datasync.CDataParameter
[08Dec2025 18:05:00.888] [main/WARN] [net.minecraft.network.syncher.SynchedEntityData/]: defineId called for: class forge.net.mca.entity.VillagerEntityMCA from class forge.net.mca.util.network.datasync.CDataParameter
[08Dec2025 18:05:00.888] [main/WARN] [net.minecraft.network.syncher.SynchedEntityData/]: defineId called for: class forge.net.mca.entity.VillagerEntityMCA from class forge.net.mca.util.network.datasync.CDataParameter
[08Dec2025 18:05:00.889] [main/WARN] [net.minecraft.network.syncher.SynchedEntityData/]: defineId called for: class forge.net.mca.entity.VillagerEntityMCA from class forge.net.mca.util.network.datasync.CDataParameter
[08Dec2025 18:05:00.889] [main/WARN] [net.minecraft.network.syncher.SynchedEntityData/]: defineId called for: class forge.net.mca.entity.VillagerEntityMCA from class forge.net.mca.util.network.datasync.CDataParameter
[08Dec2025 18:05:00.889] [main/WARN] [net.minecraft.network.syncher.SynchedEntityData/]: defineId called for: class forge.net.mca.entity.VillagerEntityMCA from class forge.net.mca.util.network.datasync.CEnumParameter
[08Dec2025 18:05:00.889] [main/WARN] [net.minecraft.network.syncher.SynchedEntityData/]: defineId called for: class forge.net.mca.entity.VillagerEntityMCA from class forge.net.mca.util.network.datasync.CDataParameter
[08Dec2025 18:05:00.894] [main/WARN] [net.minecraft.network.syncher.SynchedEntityData/]: defineId called for: class forge.net.mca.entity.VillagerEntityMCA from class forge.net.mca.util.network.datasync.CDataParameter
[08Dec2025 18:05:00.894] [main/WARN] [net.minecraft.network.syncher.SynchedEntityData/]: defineId called for: class forge.net.mca.entity.VillagerEntityMCA from class forge.net.mca.util.network.datasync.CEnumParameter
[08Dec2025 18:05:00.894] [main/WARN] [net.minecraft.network.syncher.SynchedEntityData/]: defineId called for: class forge.net.mca.entity.VillagerEntityMCA from class forge.net.mca.util.network.datasync.CDataParameter
[08Dec2025 18:05:00.894] [main/WARN] [net.minecraft.network.syncher.SynchedEntityData/]: defineId called for: class forge.net.mca.entity.VillagerEntityMCA from class forge.net.mca.util.network.datasync.CEnumParameter
[08Dec2025 18:05:00.895] [main/WARN] [net.minecraft.network.syncher.SynchedEntityData/]: defineId called for: class forge.net.mca.entity.VillagerEntityMCA from class forge.net.mca.util.network.datasync.CEnumParameter
[08Dec2025 18:05:00.895] [main/WARN] [net.minecraft.network.syncher.SynchedEntityData/]: defineId called for: class forge.net.mca.entity.VillagerEntityMCA from class forge.net.mca.util.network.datasync.CDataParameter
[08Dec2025 18:05:00.895] [main/WARN] [net.minecraft.network.syncher.SynchedEntityData/]: defineId called for: class forge.net.mca.entity.VillagerEntityMCA from class forge.net.mca.util.network.datasync.CDataParameter
[08Dec2025 18:05:00.895] [main/WARN] [net.minecraft.network.syncher.SynchedEntityData/]: defineId called for: class forge.net.mca.entity.VillagerEntityMCA from class forge.net.mca.util.network.datasync.CDataParameter
[08Dec2025 18:05:00.895] [main/WARN] [net.minecraft.network.syncher.SynchedEntityData/]: defineId called for: class forge.net.mca.entity.VillagerEntityMCA from class forge.net.mca.util.network.datasync.CDataParameter
[08Dec2025 18:05:00.895] [main/WARN] [net.minecraft.network.syncher.SynchedEntityData/]: defineId called for: class forge.net.mca.entity.VillagerEntityMCA from class forge.net.mca.util.network.datasync.CDataParameter
[08Dec2025 18:05:00.898] [main/WARN] [net.minecraft.network.syncher.SynchedEntityData/]: defineId called for: class forge.net.mca.entity.VillagerEntityMCA from class forge.net.mca.util.network.datasync.CDataParameter
[08Dec2025 18:05:00.903] [main/WARN] [net.minecraft.network.syncher.SynchedEntityData/]: defineId called for: class forge.net.mca.entity.VillagerEntityMCA from class forge.net.mca.util.network.datasync.CDataParameter
[08Dec2025 18:05:00.903] [main/WARN] [net.minecraft.network.syncher.SynchedEntityData/]: defineId called for: class forge.net.mca.entity.VillagerEntityMCA from class forge.net.mca.util.network.datasync.CDataParameter
[08Dec2025 18:05:00.904] [main/WARN] [net.minecraft.network.syncher.SynchedEntityData/]: defineId called for: class forge.net.mca.entity.VillagerEntityMCA from class forge.net.mca.util.network.datasync.CDataParameter
[08Dec2025 18:05:00.905] [main/WARN] [net.minecraft.network.syncher.SynchedEntityData/]: defineId called for: class forge.net.mca.entity.VillagerEntityMCA from class forge.net.mca.util.network.datasync.CDataParameter
[08Dec2025 18:05:00.905] [main/WARN] [net.minecraft.network.syncher.SynchedEntityData/]: defineId called for: class forge.net.mca.entity.VillagerEntityMCA from class forge.net.mca.util.network.datasync.CDataParameter
[08Dec2025 18:05:00.906] [main/WARN] [net.minecraft.network.syncher.SynchedEntityData/]: defineId called for: class forge.net.mca.entity.GrimReaperEntity from class forge.net.mca.util.network.datasync.CEnumParameter
[08Dec2025 18:05:01.145] [main/INFO] [zeta-internal/]: Dispatching ZConfigChanged to 2 listeners
[08Dec2025 18:05:01.146] [main/INFO] [zeta/]: 'zeta' is enabling Zeta's piston structure resolver.
[08Dec2025 18:05:01.149] [Thread-1/INFO] [zeta-internal/]: Dispatching ZConfigChanged to 2 listeners
[08Dec2025 18:05:01.151] [Thread-1/INFO] [zeta-internal/]: Dispatching ZConfigChanged to 2 listeners
[08Dec2025 18:05:01.157] [modloading-worker-0/INFO] [Easy NPC/]: 🗣 Register Easy NPC Network Handler for net.minecraftforge.network.simple.SimpleChannel@5ee2b70 with version 21 ...
[08Dec2025 18:05:01.316] [modloading-worker-0/INFO] [voicechat/]: [voicechat] Compatibility version 20
[08Dec2025 18:05:01.380] [Forge Version Check/INFO] [net.minecraftforge.fml.VersionChecker/]: [mcwwindows] Starting version check at https://raw.githubusercontent.com/sketchmacaw/macawsmods/master/window.json
[08Dec2025 18:05:01.404] [modloading-worker-0/INFO] [zeta-internal/]: Dispatching ForgeZCommonSetup (as ZCommonSetup) to 2 listeners
[08Dec2025 18:05:01.438] [modloading-worker-0/INFO] [voicechat/]: [voicechat] Loading plugins
[08Dec2025 18:05:01.466] [modloading-worker-0/INFO] [voicechat/]: [voicechat] Loaded 0 plugin(s)
[08Dec2025 18:05:01.466] [modloading-worker-0/INFO] [voicechat/]: [voicechat] Initializing plugins
[08Dec2025 18:05:01.466] [modloading-worker-0/INFO] [voicechat/]: [voicechat] Initialized 0 plugin(s)
[08Dec2025 18:05:01.552] [Forge Version Check/INFO] [net.minecraftforge.fml.VersionChecker/]: [mcwwindows] Found status: OUTDATED Current: 2.2.1 Target: 2.4.1
[08Dec2025 18:05:01.554] [Forge Version Check/INFO] [net.minecraftforge.fml.VersionChecker/]: [bookshelf] Starting version check at https://updates.blamejared.com/get?n=bookshelf&gv=1.20.1
[08Dec2025 18:05:01.584] [main/INFO] [journeymap/]: Initializing Packet Registries
[08Dec2025 18:05:01.689] [main/INFO] [zeta-internal/]: Dispatching ZConfigChanged to 2 listeners
[08Dec2025 18:05:01.699] [main/INFO] [terrablender/]: Registered region minecraft:overworld to index 0 for type OVERWORLD
[08Dec2025 18:05:01.699] [main/INFO] [terrablender/]: Registered region minecraft:nether to index 0 for type NETHER
[08Dec2025 18:05:01.699] [main/INFO] [terrablender/]: Registered region ars_nouveau:overworld to index 1 for type OVERWORLD
[08Dec2025 18:05:01.716] [modloading-worker-0/INFO] [io.redspace.ironsspellbooks.IronsSpellbooks/]: Got IMC []
[08Dec2025 18:05:01.724] [modloading-worker-0/INFO] [zeta-internal/]: Dispatching ForgeZLoadComplete (as ZLoadComplete) to 1 listener
[08Dec2025 18:05:01.744] [modloading-worker-0/INFO] [net.xalcon.torchmaster.Torchmaster/]: Applying mega torch entity block list overrides...
[08Dec2025 18:05:01.744] [modloading-worker-0/INFO] [net.xalcon.torchmaster.Torchmaster/]: Applying dread lamp entity block list overrides...
[08Dec2025 18:05:01.992] [Forge Version Check/INFO] [net.minecraftforge.fml.VersionChecker/]: [bookshelf] Found status: BETA_OUTDATED Current: 20.1.11 Target: 20.2.13
[08Dec2025 18:05:01.992] [Forge Version Check/INFO] [net.minecraftforge.fml.VersionChecker/]: [mcwbridges] Starting version check at https://raw.githubusercontent.com/sketchmacaw/macawsmods/master/bridges.json
[08Dec2025 18:05:02.005] [Forge Version Check/INFO] [net.minecraftforge.fml.VersionChecker/]: [mcwbridges] Found status: OUTDATED Current: 3.0.0 Target: 3.1.0
[08Dec2025 18:05:02.006] [Forge Version Check/INFO] [net.minecraftforge.fml.VersionChecker/]: [camera] Starting version check at https://maxhenkel.de/update/camera.json
[08Dec2025 18:05:03.300] [Forge Version Check/INFO] [net.minecraftforge.fml.VersionChecker/]: [camera] Found status: UP_TO_DATE Current: 1.20.1-1.0.6 Target: null
[08Dec2025 18:05:03.301] [Forge Version Check/INFO] [net.minecraftforge.fml.VersionChecker/]: [cfm] Starting version check at https://mrcrayfish.com/modupdatejson?id=cfm
[08Dec2025 18:05:03.477] [Forge Version Check/WARN] [net.minecraftforge.fml.VersionChecker/]: Failed to process update information
com.google.gson.JsonSyntaxException: java.lang.IllegalStateException: Expected BEGIN_OBJECT but was STRING at line 1 column 1 path $
	at com.google.gson.Gson.fromJson(Gson.java:1226) ~[gson-2.10.jar%2370!/:?]
	at com.google.gson.Gson.fromJson(Gson.java:1124) ~[gson-2.10.jar%2370!/:?]
	at com.google.gson.Gson.fromJson(Gson.java:1034) ~[gson-2.10.jar%2370!/:?]
	at com.google.gson.Gson.fromJson(Gson.java:969) ~[gson-2.10.jar%2370!/:?]
	at net.minecraftforge.fml.VersionChecker$1.process(VersionChecker.java:183) ~[fmlcore-1.20.1-47.3.7.jar%23262!/:?]
	at java.lang.Iterable.forEach(Iterable.java:75) ~[?:?]
	at net.minecraftforge.fml.VersionChecker$1.run(VersionChecker.java:114) ~[fmlcore-1.20.1-47.3.7.jar%23262!/:?]
Caused by: java.lang.IllegalStateException: Expected BEGIN_OBJECT but was STRING at line 1 column 1 path $
	at com.google.gson.stream.JsonReader.beginObject(JsonReader.java:393) ~[gson-2.10.jar%2370!/:?]
	at com.google.gson.internal.bind.MapTypeAdapterFactory$Adapter.read(MapTypeAdapterFactory.java:182) ~[gson-2.10.jar%2370!/:?]
	at com.google.gson.internal.bind.MapTypeAdapterFactory$Adapter.read(MapTypeAdapterFactory.java:144) ~[gson-2.10.jar%2370!/:?]
	at com.google.gson.Gson.fromJson(Gson.java:1214) ~[gson-2.10.jar%2370!/:?]
	... 6 more
[08Dec2025 18:05:03.477] [Forge Version Check/INFO] [net.minecraftforge.fml.VersionChecker/]: [otyacraftengine] Starting version check at https://raw.githubusercontent.com/TeamFelnull/OtyacraftEngine/master/version_check.json
[08Dec2025 18:05:03.489] [Forge Version Check/INFO] [net.minecraftforge.fml.VersionChecker/]: [otyacraftengine] Found status: UP_TO_DATE Current: 3.7.0-alpha.2 Target: null
[08Dec2025 18:05:03.489] [Forge Version Check/INFO] [net.minecraftforge.fml.VersionChecker/]: [mcwfurnitures] Starting version check at https://raw.githubusercontent.com/sketchmacaw/macawsmods/master/furniture.json
[08Dec2025 18:05:03.502] [Forge Version Check/INFO] [net.minecraftforge.fml.VersionChecker/]: [mcwfurnitures] Found status: OUTDATED Current: 3.2.2 Target: 3.4.1
[08Dec2025 18:05:03.503] [Forge Version Check/INFO] [net.minecraftforge.fml.VersionChecker/]: [framework] Starting version check at https://mrcrayfish.com/modupdatejson?id=framework
[08Dec2025 18:05:03.528] [Forge Version Check/WARN] [net.minecraftforge.fml.VersionChecker/]: Failed to process update information
com.google.gson.JsonSyntaxException: java.lang.IllegalStateException: Expected BEGIN_OBJECT but was STRING at line 1 column 1 path $
	at com.google.gson.Gson.fromJson(Gson.java:1226) ~[gson-2.10.jar%2370!/:?]
	at com.google.gson.Gson.fromJson(Gson.java:1124) ~[gson-2.10.jar%2370!/:?]
	at com.google.gson.Gson.fromJson(Gson.java:1034) ~[gson-2.10.jar%2370!/:?]
	at com.google.gson.Gson.fromJson(Gson.java:969) ~[gson-2.10.jar%2370!/:?]
	at net.minecraftforge.fml.VersionChecker$1.process(VersionChecker.java:183) ~[fmlcore-1.20.1-47.3.7.jar%23262!/:?]
	at java.lang.Iterable.forEach(Iterable.java:75) ~[?:?]
	at net.minecraftforge.fml.VersionChecker$1.run(VersionChecker.java:114) ~[fmlcore-1.20.1-47.3.7.jar%23262!/:?]
Caused by: java.lang.IllegalStateException: Expected BEGIN_OBJECT but was STRING at line 1 column 1 path $
	at com.google.gson.stream.JsonReader.beginObject(JsonReader.java:393) ~[gson-2.10.jar%2370!/:?]
	at com.google.gson.internal.bind.MapTypeAdapterFactory$Adapter.read(MapTypeAdapterFactory.java:182) ~[gson-2.10.jar%2370!/:?]
	at com.google.gson.internal.bind.MapTypeAdapterFactory$Adapter.read(MapTypeAdapterFactory.java:144) ~[gson-2.10.jar%2370!/:?]
	at com.google.gson.Gson.fromJson(Gson.java:1214) ~[gson-2.10.jar%2370!/:?]
	... 6 more
[08Dec2025 18:05:03.528] [Forge Version Check/INFO] [net.minecraftforge.fml.VersionChecker/]: [enchantinginfuser] Starting version check at https://raw.githubusercontent.com/Fuzss/modresources/main/update/enchantinginfuser.json
[08Dec2025 18:05:03.538] [Forge Version Check/INFO] [net.minecraftforge.fml.VersionChecker/]: [enchantinginfuser] Found status: OUTDATED Current: 8.0.2 Target: 8.0.3
[08Dec2025 18:05:03.538] [Forge Version Check/INFO] [net.minecraftforge.fml.VersionChecker/]: [goblintraders] Starting version check at https://mrcrayfish.com/modupdatejson?id=goblintraders
[08Dec2025 18:05:03.563] [Forge Version Check/WARN] [net.minecraftforge.fml.VersionChecker/]: Failed to process update information
com.google.gson.JsonSyntaxException: java.lang.IllegalStateException: Expected BEGIN_OBJECT but was STRING at line 1 column 1 path $
	at com.google.gson.Gson.fromJson(Gson.java:1226) ~[gson-2.10.jar%2370!/:?]
	at com.google.gson.Gson.fromJson(Gson.java:1124) ~[gson-2.10.jar%2370!/:?]
	at com.google.gson.Gson.fromJson(Gson.java:1034) ~[gson-2.10.jar%2370!/:?]
	at com.google.gson.Gson.fromJson(Gson.java:969) ~[gson-2.10.jar%2370!/:?]
	at net.minecraftforge.fml.VersionChecker$1.process(VersionChecker.java:183) ~[fmlcore-1.20.1-47.3.7.jar%23262!/:?]
	at java.lang.Iterable.forEach(Iterable.java:75) ~[?:?]
	at net.minecraftforge.fml.VersionChecker$1.run(VersionChecker.java:114) ~[fmlcore-1.20.1-47.3.7.jar%23262!/:?]
Caused by: java.lang.IllegalStateException: Expected BEGIN_OBJECT but was STRING at line 1 column 1 path $
	at com.google.gson.stream.JsonReader.beginObject(JsonReader.java:393) ~[gson-2.10.jar%2370!/:?]
	at com.google.gson.internal.bind.MapTypeAdapterFactory$Adapter.read(MapTypeAdapterFactory.java:182) ~[gson-2.10.jar%2370!/:?]
	at com.google.gson.internal.bind.MapTypeAdapterFactory$Adapter.read(MapTypeAdapterFactory.java:144) ~[gson-2.10.jar%2370!/:?]
	at com.google.gson.Gson.fromJson(Gson.java:1214) ~[gson-2.10.jar%2370!/:?]
	... 6 more
[08Dec2025 18:05:03.566] [Forge Version Check/INFO] [net.minecraftforge.fml.VersionChecker/]: [journeymap] Starting version check at https://forge.curseupdate.com/32274/journeymap
[08Dec2025 18:05:03.661] [Forge Version Check/INFO] [net.minecraftforge.fml.VersionChecker/]: [journeymap] Found status: OUTDATED Current: 5.9.23 Target: 5.10.3
[08Dec2025 18:05:03.662] [Forge Version Check/INFO] [net.minecraftforge.fml.VersionChecker/]: [puzzlesaccessapi] Starting version check at https://raw.githubusercontent.com/Fuzss/modresources/main/update/puzzlesaccessapi.json
[08Dec2025 18:05:03.672] [Forge Version Check/INFO] [net.minecraftforge.fml.VersionChecker/]: [puzzlesaccessapi] Found status: BETA Current: 8.0.7 Target: null
[08Dec2025 18:05:03.672] [Forge Version Check/INFO] [net.minecraftforge.fml.VersionChecker/]: [forge] Starting version check at https://files.minecraftforge.net/net/minecraftforge/forge/promotions_slim.json
[08Dec2025 18:05:03.830] [Forge Version Check/INFO] [net.minecraftforge.fml.VersionChecker/]: [forge] Found status: OUTDATED Current: 47.3.7 Target: 47.4.10
[08Dec2025 18:05:03.830] [Forge Version Check/INFO] [net.minecraftforge.fml.VersionChecker/]: [voicechat] Starting version check at https://update.maxhenkel.de/forge/voicechat
[08Dec2025 18:05:03.931] [Forge Version Check/INFO] [net.minecraftforge.fml.VersionChecker/]: [voicechat] Found status: UP_TO_DATE Current: 1.20.1-2.6.6 Target: null
[08Dec2025 18:05:03.931] [Forge Version Check/INFO] [net.minecraftforge.fml.VersionChecker/]: [enchdesc] Starting version check at https://updates.blamejared.com/get?n=enchdesc&gv=1.20.1
[08Dec2025 18:05:04.032] [Forge Version Check/INFO] [net.minecraftforge.fml.VersionChecker/]: [enchdesc] Found status: BETA_OUTDATED Current: 17.0.16 Target: 17.1.19
[08Dec2025 18:05:04.032] [Forge Version Check/INFO] [net.minecraftforge.fml.VersionChecker/]: [hmag] Starting version check at https://github.com/Mechalopa/Hostile-Mobs-and-Girls/raw/1.20.1/update.json
[08Dec2025 18:05:04.382] [Forge Version Check/INFO] [net.minecraftforge.fml.VersionChecker/]: [hmag] Found status: OUTDATED Current: 9.0.20 Target: 9.0.36
[08Dec2025 18:05:04.382] [Forge Version Check/INFO] [net.minecraftforge.fml.VersionChecker/]: [gravestone] Starting version check at https://update.maxhenkel.de/forge/gravestone
[08Dec2025 18:05:04.482] [Forge Version Check/INFO] [net.minecraftforge.fml.VersionChecker/]: [gravestone] Found status: OUTDATED Current: 1.20.1-1.0.15 Target: 1.20.1-1.0.35
[08Dec2025 18:05:04.482] [Forge Version Check/INFO] [net.minecraftforge.fml.VersionChecker/]: [puzzleslib] Starting version check at https://raw.githubusercontent.com/Fuzss/modresources/main/update/puzzleslib.json
[08Dec2025 18:05:04.494] [Forge Version Check/INFO] [net.minecraftforge.fml.VersionChecker/]: [puzzleslib] Found status: OUTDATED Current: 8.1.20 Target: 8.1.33
[08Dec2025 18:05:09.457] [main/INFO] [com.mojang.authlib.yggdrasil.YggdrasilAuthenticationService/]: Environment: authHost='https://authserver.mojang.com', accountsHost='https://api.mojang.com', sessionHost='https://sessionserver.mojang.com', servicesHost='https://api.minecraftservices.com', name='PROD'
[08Dec2025 18:05:15.045] [main/WARN] [net.minecraft.server.packs.VanillaPackResourcesBuilder/]: Assets URL 'union:/workspaces/Server-magia-3/servidor_minecraft/libraries/net/minecraft/server/1.20.1-20230612.114412/server-1.20.1-20230612.114412-srg.jar%23261!/assets/.mcassetsroot' uses unexpected schema
[08Dec2025 18:05:15.045] [main/WARN] [net.minecraft.server.packs.VanillaPackResourcesBuilder/]: Assets URL 'union:/workspaces/Server-magia-3/servidor_minecraft/libraries/net/minecraft/server/1.20.1-20230612.114412/server-1.20.1-20230612.114412-srg.jar%23261!/data/.mcassetsroot' uses unexpected schema
[08Dec2025 18:05:15.185] [main/INFO] [com.simibubi.create.Create/]: Created 323 recipes which will be injected into the game
[08Dec2025 18:05:15.197] [main/INFO] [com.simibubi.create.Create/]: Created 1 tags which will be injected into the game
[08Dec2025 18:05:17.564] [main/INFO] [Easy NPC/]: 🗣 Register Easy NPC /easy_npc commands for Easy NPC ...
[08Dec2025 18:05:17.697] [main/INFO] [zeta-internal/]: Dispatching ForgeZAddReloadListener (as ZAddReloadListener) to 2 listeners
[08Dec2025 18:05:17.926] [Worker-Main-1/ERROR] [net.minecraft.tags.TagLoader/]: Couldn't load tag minecraft:mushroom_grow_block as it is missing following references: netherdungeons:growth_mauve (from netherdungeons-1.1.0-snapshot3a.jar)
[08Dec2025 18:05:17.930] [Worker-Main-1/ERROR] [net.minecraft.tags.TagLoader/]: Couldn't load tag forge:couch as it is missing following references: cozy_home:couch_oak_white_middle (from cozy_home-3.0.3.2-forge-1.20.1.jar), 
	cozy_home:couch_oak_white_right (from cozy_home-3.0.3.2-forge-1.20.1.jar), 
	cozy_home:couch_oak_white (from cozy_home-3.0.3.2-forge-1.20.1.jar), 
	cozy_home:couch_oak_white_left (from cozy_home-3.0.3.2-forge-1.20.1.jar)
[08Dec2025 18:05:17.933] [Worker-Main-1/ERROR] [net.minecraft.tags.TagLoader/]: Couldn't load tag fabric:needs_tool_level_0 as it is missing following references: cozy_home:oak_planked_wall (from cozy_home-3.0.3.2-forge-1.20.1.jar), 
	cozy_home:spruce_planked_wall (from cozy_home-3.0.3.2-forge-1.20.1.jar), 
	cozy_home:birch_planked_wall (from cozy_home-3.0.3.2-forge-1.20.1.jar), 
	cozy_home:acacia_planked_wall (from cozy_home-3.0.3.2-forge-1.20.1.jar), 
	cozy_home:dark_oak_planked_wall (from cozy_home-3.0.3.2-forge-1.20.1.jar), 
	cozy_home:jungle_planked_wall (from cozy_home-3.0.3.2-forge-1.20.1.jar), 
	cozy_home:mangrove_planked_wall (from cozy_home-3.0.3.2-forge-1.20.1.jar), 
	cozy_home:crimson_planked_wall (from cozy_home-3.0.3.2-forge-1.20.1.jar), 
	cozy_home:warped_planked_wall (from cozy_home-3.0.3.2-forge-1.20.1.jar), 
	cozy_home:table_oak_single (from cozy_home-3.0.3.2-forge-1.20.1.jar), 
	cozy_home:table_spruce_single (from cozy_home-3.0.3.2-forge-1.20.1.jar), 
	cozy_home:table_birch_single (from cozy_home-3.0.3.2-forge-1.20.1.jar), 
	cozy_home:table_jungle_single (from cozy_home-3.0.3.2-forge-1.20.1.jar), 
	cozy_home:table_acacia_single (from cozy_home-3.0.3.2-forge-1.20.1.jar), 
	cozy_home:table_dark_oak_single (from cozy_home-3.0.3.2-forge-1.20.1.jar), 
	cozy_home:table_mangrove_single (from cozy_home-3.0.3.2-forge-1.20.1.jar), 
	cozy_home:table_cherry_single (from cozy_home-3.0.3.2-forge-1.20.1.jar), 
	cozy_home:desk_crimson (from cozy_home-3.0.3.2-forge-1.20.1.jar), 
	cozy_home:desk_warped (from cozy_home-3.0.3.2-forge-1.20.1.jar), 
	cozy_home:table_bamboo_single (from cozy_home-3.0.3.2-forge-1.20.1.jar), 
	cozy_home:table_stump_oak_single (from cozy_home-3.0.3.2-forge-1.20.1.jar), 
	cozy_home:table_stump_spruce_single (from cozy_home-3.0.3.2-forge-1.20.1.jar), 
	cozy_home:table_stump_birch_single (from cozy_home-3.0.3.2-forge-1.20.1.jar), 
	cozy_home:table_stump_jungle_single (from cozy_home-3.0.3.2-forge-1.20.1.jar), 
	cozy_home:table_stump_acacia_single (from cozy_home-3.0.3.2-forge-1.20.1.jar), 
	cozy_home:table_stump_dark_oak_single (from cozy_home-3.0.3.2-forge-1.20.1.jar), 
	cozy_home:table_stump_mangrove_single (from cozy_home-3.0.3.2-forge-1.20.1.jar), 
	cozy_home:table_stump_cherry_single (from cozy_home-3.0.3.2-forge-1.20.1.jar), 
	cozy_home:table_stump_crimson_single (from cozy_home-3.0.3.2-forge-1.20.1.jar), 
	cozy_home:table_stump_warped_single (from cozy_home-3.0.3.2-forge-1.20.1.jar), 
	cozy_home:lamp_white (from cozy_home-3.0.3.2-forge-1.20.1.jar), 
	cozy_home:lamp_orange (from cozy_home-3.0.3.2-forge-1.20.1.jar), 
	cozy_home:lamp_magenta (from cozy_home-3.0.3.2-forge-1.20.1.jar), 
	cozy_home:lamp_light_blue (from cozy_home-3.0.3.2-forge-1.20.1.jar), 
	cozy_home:lamp_yellow (from cozy_home-3.0.3.2-forge-1.20.1.jar), 
	cozy_home:lamp_lime (from cozy_home-3.0.3.2-forge-1.20.1.jar), 
	cozy_home:lamp_pink (from cozy_home-3.0.3.2-forge-1.20.1.jar), 
	cozy_home:lamp_gray (from cozy_home-3.0.3.2-forge-1.20.1.jar), 
	cozy_home:lamp_light_gray (from cozy_home-3.0.3.2-forge-1.20.1.jar), 
	cozy_home:lamp_cyan (from cozy_home-3.0.3.2-forge-1.20.1.jar), 
	cozy_home:lamp_purple (from cozy_home-3.0.3.2-forge-1.20.1.jar), 
	cozy_home:lamp_blue (from cozy_home-3.0.3.2-forge-1.20.1.jar), 
	cozy_home:lamp_brown (from cozy_home-3.0.3.2-forge-1.20.1.jar), 
	cozy_home:lamp_green (from cozy_home-3.0.3.2-forge-1.20.1.jar), 
	cozy_home:lamp_red (from cozy_home-3.0.3.2-forge-1.20.1.jar), 
	cozy_home:lamp_black (from cozy_home-3.0.3.2-forge-1.20.1.jar), 
	cozy_home:counter_quartz (from cozy_home-3.0.3.2-forge-1.20.1.jar), 
	cozy_home:counter_quartz_storage (from cozy_home-3.0.3.2-forge-1.20.1.jar), 
	cozy_home:counter_quartz_sink (from cozy_home-3.0.3.2-forge-1.20.1.jar), 
	cozy_home:drawer_oak (from cozy_home-3.0.3.2-forge-1.20.1.jar), 
	cozy_home:drawer_spruce (from cozy_home-3.0.3.2-forge-1.20.1.jar), 
	cozy_home:drawer_birch (from cozy_home-3.0.3.2-forge-1.20.1.jar), 
	cozy_home:drawer_jungle (from cozy_home-3.0.3.2-forge-1.20.1.jar), 
	cozy_home:drawer_acacia (from cozy_home-3.0.3.2-forge-1.20.1.jar), 
	cozy_home:drawer_dark_oak (from cozy_home-3.0.3.2-forge-1.20.1.jar), 
	cozy_home:drawer_mangrove (from cozy_home-3.0.3.2-forge-1.20.1.jar), 
	cozy_home:drawer_cherry (from cozy_home-3.0.3.2-forge-1.20.1.jar), 
	cozy_home:drawer_crimson (from cozy_home-3.0.3.2-forge-1.20.1.jar), 
	cozy_home:drawer_warped (from cozy_home-3.0.3.2-forge-1.20.1.jar), 
	cozy_home:plank_oak_0 (from cozy_home-3.0.3.2-forge-1.20.1.jar), 
	cozy_home:plank_birch_0 (from cozy_home-3.0.3.2-forge-1.20.1.jar), 
	cozy_home:plank_jungle_0 (from cozy_home-3.0.3.2-forge-1.20.1.jar), 
	cozy_home:plank_dark_oak_0 (from cozy_home-3.0.3.2-forge-1.20.1.jar), 
	cozy_home:plank_mangrove_0 (from cozy_home-3.0.3.2-forge-1.20.1.jar), 
	cozy_home:plank_cherry_0 (from cozy_home-3.0.3.2-forge-1.20.1.jar), 
	cozy_home:plank_bamboo_0 (from cozy_home-3.0.3.2-forge-1.20.1.jar), 
	cozy_home:plank_crimson_0 (from cozy_home-3.0.3.2-forge-1.20.1.jar), 
	cozy_home:plank_warped_0 (from cozy_home-3.0.3.2-forge-1.20.1.jar), 
	cozy_home:plank_spruce_0 (from cozy_home-3.0.3.2-forge-1.20.1.jar), 
	cozy_home:plank_acacia_0 (from cozy_home-3.0.3.2-forge-1.20.1.jar), 
	cozy_home:desk_oak (from cozy_home-3.0.3.2-forge-1.20.1.jar), 
	cozy_home:desk_spruce (from cozy_home-3.0.3.2-forge-1.20.1.jar), 
	cozy_home:desk_birch (from cozy_home-3.0.3.2-forge-1.20.1.jar), 
	cozy_home:desk_jungle (from cozy_home-3.0.3.2-forge-1.20.1.jar), 
	cozy_home:desk_acacia (from cozy_home-3.0.3.2-forge-1.20.1.jar), 
	cozy_home:desk_dark_oak (from cozy_home-3.0.3.2-forge-1.20.1.jar), 
	cozy_home:desk_mangrove (from cozy_home-3.0.3.2-forge-1.20.1.jar), 
	cozy_home:desk_cherry (from cozy_home-3.0.3.2-forge-1.20.1.jar), 
	cozy_home:desk_quartz (from cozy_home-3.0.3.2-forge-1.20.1.jar), 
	cozy_home:table_crimson_single (from cozy_home-3.0.3.2-forge-1.20.1.jar), 
	cozy_home:table_warped_single (from cozy_home-3.0.3.2-forge-1.20.1.jar), 
	cozy_home:tent (from cozy_home-3.0.3.2-forge-1.20.1.jar), 
	cozy_home:rug_trader_single (from cozy_home-3.0.3.2-forge-1.20.1.jar), 
	cozy_home:oak_chair_tucked (from cozy_home-3.0.3.2-forge-1.20.1.jar), 
	cozy_home:oak_mirror_top (from cozy_home-3.0.3.2-forge-1.20.1.jar), 
	cozy_home:oak_mirror_bottom (from cozy_home-3.0.3.2-forge-1.20.1.jar), 
	cozy_home:oak_mirror_middle (from cozy_home-3.0.3.2-forge-1.20.1.jar), 
	cozy_home:spruce_chair_tucked (from cozy_home-3.0.3.2-forge-1.20.1.jar), 
	cozy_home:birch_chair_tucked (from cozy_home-3.0.3.2-forge-1.20.1.jar), 
	cozy_home:jungle_chair_tucked (from cozy_home-3.0.3.2-forge-1.20.1.jar), 
	cozy_home:spruce_mirror_top (from cozy_home-3.0.3.2-forge-1.20.1.jar), 
	cozy_home:spruce_mirror_middle (from cozy_home-3.0.3.2-forge-1.20.1.jar), 
	cozy_home:spruce_mirror_bottom (from cozy_home-3.0.3.2-forge-1.20.1.jar), 
	cozy_home:birch_mirror_top (from cozy_home-3.0.3.2-forge-1.20.1.jar), 
	cozy_home:birch_mirror_middle (from cozy_home-3.0.3.2-forge-1.20.1.jar), 
	cozy_home:birch_mirror_bottom (from cozy_home-3.0.3.2-forge-1.20.1.jar), 
	cozy_home:jungle_mirror_top (from cozy_home-3.0.3.2-forge-1.20.1.jar), 
	cozy_home:jungle_mirror_middle (from cozy_home-3.0.3.2-forge-1.20.1.jar), 
	cozy_home:jungle_mirror_bottom (from cozy_home-3.0.3.2-forge-1.20.1.jar), 
	cozy_home:acacia_mirror_top (from cozy_home-3.0.3.2-forge-1.20.1.jar), 
	cozy_home:acacia_mirror_middle (from cozy_home-3.0.3.2-forge-1.20.1.jar), 
	cozy_home:acacia_mirror_bottom (from cozy_home-3.0.3.2-forge-1.20.1.jar), 
	cozy_home:dark_oak_mirror_top (from cozy_home-3.0.3.2-forge-1.20.1.jar), 
	cozy_home:dark_oak_mirror_middle (from cozy_home-3.0.3.2-forge-1.20.1.jar), 
	cozy_home:dark_oak_mirror_bottom (from cozy_home-3.0.3.2-forge-1.20.1.jar), 
	cozy_home:mangrove_mirror_top (from cozy_home-3.0.3.2-forge-1.20.1.jar), 
	cozy_home:mangrove_mirror_middle (from cozy_home-3.0.3.2-forge-1.20.1.jar), 
	cozy_home:mangrove_mirror_bottom (from cozy_home-3.0.3.2-forge-1.20.1.jar), 
	cozy_home:crimson_mirror_top (from cozy_home-3.0.3.2-forge-1.20.1.jar), 
	cozy_home:crimson_mirror_middle (from cozy_home-3.0.3.2-forge-1.20.1.jar), 
	cozy_home:crimson_mirror_bottom (from cozy_home-3.0.3.2-forge-1.20.1.jar), 
	cozy_home:warped_mirror_top (from cozy_home-3.0.3.2-forge-1.20.1.jar), 
	cozy_home:warped_mirror_middle (from cozy_home-3.0.3.2-forge-1.20.1.jar), 
	cozy_home:warped_mirror_bottom (from cozy_home-3.0.3.2-forge-1.20.1.jar), 
	cozy_home:acacia_chair_tucked (from cozy_home-3.0.3.2-forge-1.20.1.jar), 
	cozy_home:dark_oak_chair_tucked (from cozy_home-3.0.3.2-forge-1.20.1.jar), 
	cozy_home:mangrove_chair_tucked (from cozy_home-3.0.3.2-forge-1.20.1.jar), 
	cozy_home:crimson_chair_tucked (from cozy_home-3.0.3.2-forge-1.20.1.jar), 
	cozy_home:warped_chair_tucked (from cozy_home-3.0.3.2-forge-1.20.1.jar), 
	cozy_home:lamp_white_off (from cozy_home-3.0.3.2-forge-1.20.1.jar), 
	cozy_home:lamp_orange_off (from cozy_home-3.0.3.2-forge-1.20.1.jar), 
	cozy_home:lamp_magenta_off (from cozy_home-3.0.3.2-forge-1.20.1.jar), 
	cozy_home:lamp_light_blue_off (from cozy_home-3.0.3.2-forge-1.20.1.jar), 
	cozy_home:lamp_yellow_off (from cozy_home-3.0.3.2-forge-1.20.1.jar), 
	cozy_home:lamp_lime_off (from cozy_home-3.0.3.2-forge-1.20.1.jar), 
	cozy_home:lamp_pink_off (from cozy_home-3.0.3.2-forge-1.20.1.jar), 
	cozy_home:lamp_gray_off (from cozy_home-3.0.3.2-forge-1.20.1.jar), 
	cozy_home:lamp_light_gray_off (from cozy_home-3.0.3.2-forge-1.20.1.jar), 
	cozy_home:lamp_cyan_off (from cozy_home-3.0.3.2-forge-1.20.1.jar), 
	cozy_home:lamp_purple_off (from cozy_home-3.0.3.2-forge-1.20.1.jar), 
	cozy_home:lamp_blue_off (from cozy_home-3.0.3.2-forge-1.20.1.jar), 
	cozy_home:lamp_brown_off (from cozy_home-3.0.3.2-forge-1.20.1.jar), 
	cozy_home:lamp_green_off (from cozy_home-3.0.3.2-forge-1.20.1.jar), 
	cozy_home:lamp_red_off (from cozy_home-3.0.3.2-forge-1.20.1.jar), 
	cozy_home:lamp_black_off (from cozy_home-3.0.3.2-forge-1.20.1.jar), 
	cozy_home:drawer_oak_left (from cozy_home-3.0.3.2-forge-1.20.1.jar), 
	cozy_home:drawer_oak_right (from cozy_home-3.0.3.2-forge-1.20.1.jar), 
	cozy_home:drawer_oak_middle (from cozy_home-3.0.3.2-forge-1.20.1.jar), 
	cozy_home:drawer_spruce_left (from cozy_home-3.0.3.2-forge-1.20.1.jar), 
	cozy_home:drawer_spruce_middle (from cozy_home-3.0.3.2-forge-1.20.1.jar), 
	cozy_home:drawer_spruce_right (from cozy_home-3.0.3.2-forge-1.20.1.jar), 
	cozy_home:drawer_birch_left (from cozy_home-3.0.3.2-forge-1.20.1.jar), 
	cozy_home:drawer_birch_middle (from cozy_home-3.0.3.2-forge-1.20.1.jar), 
	cozy_home:drawer_birch_right (from cozy_home-3.0.3.2-forge-1.20.1.jar), 
	cozy_home:drawer_jungle_left (from cozy_home-3.0.3.2-forge-1.20.1.jar), 
	cozy_home:drawer_jungle_middle (from cozy_home-3.0.3.2-forge-1.20.1.jar), 
	cozy_home:drawer_jungle_right (from cozy_home-3.0.3.2-forge-1.20.1.jar), 
	cozy_home:drawer_acacia_left (from cozy_home-3.0.3.2-forge-1.20.1.jar), 
	cozy_home:drawer_acacia_middle (from cozy_home-3.0.3.2-forge-1.20.1.jar), 
	cozy_home:drawer_acacia_right (from cozy_home-3.0.3.2-forge-1.20.1.jar), 
	cozy_home:drawer_dark_oak_left (from cozy_home-3.0.3.2-forge-1.20.1.jar), 
	cozy_home:drawer_dark_oak_middle (from cozy_home-3.0.3.2-forge-1.20.1.jar), 
	cozy_home:drawer_dark_oak_right (from cozy_home-3.0.3.2-forge-1.20.1.jar), 
	cozy_home:drawer_mangrove_left (from cozy_home-3.0.3.2-forge-1.20.1.jar), 
	cozy_home:drawer_mangrove_middle (from cozy_home-3.0.3.2-forge-1.20.1.jar), 
	cozy_home:drawer_mangrove_right (from cozy_home-3.0.3.2-forge-1.20.1.jar), 
	cozy_home:drawer_crimson_left (from cozy_home-3.0.3.2-forge-1.20.1.jar), 
	cozy_home:drawer_crimson_middle (from cozy_home-3.0.3.2-forge-1.20.1.jar), 
	cozy_home:drawer_crimson_right (from cozy_home-3.0.3.2-forge-1.20.1.jar), 
	cozy_home:drawer_warped_left (from cozy_home-3.0.3.2-forge-1.20.1.jar), 
	cozy_home:drawer_warped_middle (from cozy_home-3.0.3.2-forge-1.20.1.jar), 
	cozy_home:drawer_warped_right (from cozy_home-3.0.3.2-forge-1.20.1.jar), 
	cozy_home:oak_planked_wall_bottom (from cozy_home-3.0.3.2-forge-1.20.1.jar), 
	cozy_home:oak_planked_wall_middle (from cozy_home-3.0.3.2-forge-1.20.1.jar), 
	cozy_home:oak_planked_wall_top (from cozy_home-3.0.3.2-forge-1.20.1.jar), 
	cozy_home:spruce_planked_wall_bottom (from cozy_home-3.0.3.2-forge-1.20.1.jar), 
	cozy_home:spruce_planked_wall_middle (from cozy_home-3.0.3.2-forge-1.20.1.jar), 
	cozy_home:spruce_planked_wall_top (from cozy_home-3.0.3.2-forge-1.20.1.jar), 
	cozy_home:birch_planked_wall_bottom (from cozy_home-3.0.3.2-forge-1.20.1.jar), 
	cozy_home:birch_planked_wall_middle (from cozy_home-3.0.3.2-forge-1.20.1.jar), 
	cozy_home:birch_planked_wall_top (from cozy_home-3.0.3.2-forge-1.20.1.jar), 
	cozy_home:acacia_planked_wall_bottom (from cozy_home-3.0.3.2-forge-1.20.1.jar), 
	cozy_home:acacia_planked_wall_middle (from cozy_home-3.0.3.2-forge-1.20.1.jar), 
	cozy_home:acacia_planked_wall_top (from cozy_home-3.0.3.2-forge-1.20.1.jar), 
	cozy_home:dark_oak_planked_wall_bottom (from cozy_home-3.0.3.2-forge-1.20.1.jar), 
	cozy_home:dark_oak_planked_wall_middle (from cozy_home-3.0.3.2-forge-1.20.1.jar), 
	cozy_home:dark_oak_planked_wall_top (from cozy_home-3.0.3.2-forge-1.20.1.jar), 
	cozy_home:jungle_planked_wall_bottom (from cozy_home-3.0.3.2-forge-1.20.1.jar), 
	cozy_home:jungle_planked_wall_middle (from cozy_home-3.0.3.2-forge-1.20.1.jar), 
	cozy_home:jungle_planked_wall_top (from cozy_home-3.0.3.2-forge-1.20.1.jar), 
	cozy_home:mangrove_planked_wall_bottom (from cozy_home-3.0.3.2-forge-1.20.1.jar), 
	cozy_home:mangrove_planked_wall_middle (from cozy_home-3.0.3.2-forge-1.20.1.jar), 
	cozy_home:mangrove_planked_wall_top (from cozy_home-3.0.3.2-forge-1.20.1.jar), 
	cozy_home:crimson_planked_wall_bottom (from cozy_home-3.0.3.2-forge-1.20.1.jar), 
	cozy_home:crimson_planked_wall_middle (from cozy_home-3.0.3.2-forge-1.20.1.jar), 
	cozy_home:crimson_planked_wall_top (from cozy_home-3.0.3.2-forge-1.20.1.jar), 
	cozy_home:warped_planked_wall_bottom (from cozy_home-3.0.3.2-forge-1.20.1.jar), 
	cozy_home:warped_planked_wall_middle (from cozy_home-3.0.3.2-forge-1.20.1.jar), 
	cozy_home:warped_planked_wall_top (from cozy_home-3.0.3.2-forge-1.20.1.jar), 
	cozy_home:tent_open (from cozy_home-3.0.3.2-forge-1.20.1.jar), 
	cozy_home:bamboo_chair_tucked (from cozy_home-3.0.3.2-forge-1.20.1.jar), 
	cozy_home:table_stump_oak_corner (from cozy_home-3.0.3.2-forge-1.20.1.jar), 
	cozy_home:table_stump_oak_double (from cozy_home-3.0.3.2-forge-1.20.1.jar), 
	cozy_home:table_stump_oak_side (from cozy_home-3.0.3.2-forge-1.20.1.jar), 
	cozy_home:table_stump_oak_straight (from cozy_home-3.0.3.2-forge-1.20.1.jar), 
	cozy_home:table_stump_oak_middle (from cozy_home-3.0.3.2-forge-1.20.1.jar), 
	cozy_home:table_stump_birch_middle (from cozy_home-3.0.3.2-forge-1.20.1.jar), 
	cozy_home:table_stump_birch_straight (from cozy_home-3.0.3.2-forge-1.20.1.jar), 
	cozy_home:table_stump_birch_side (from cozy_home-3.0.3.2-forge-1.20.1.jar), 
	cozy_home:table_stump_birch_double (from cozy_home-3.0.3.2-forge-1.20.1.jar), 
	cozy_home:table_stump_birch_corner (from cozy_home-3.0.3.2-forge-1.20.1.jar), 
	cozy_home:table_stump_acacia_middle (from cozy_home-3.0.3.2-forge-1.20.1.jar), 
	cozy_home:table_stump_acacia_straight (from cozy_home-3.0.3.2-forge-1.20.1.jar), 
	cozy_home:table_stump_acacia_side (from cozy_home-3.0.3.2-forge-1.20.1.jar), 
	cozy_home:table_stump_acacia_double (from cozy_home-3.0.3.2-forge-1.20.1.jar), 
	cozy_home:table_stump_acacia_corner (from cozy_home-3.0.3.2-forge-1.20.1.jar), 
	cozy_home:table_stump_dark_oak_middle (from cozy_home-3.0.3.2-forge-1.20.1.jar), 
	cozy_home:table_stump_dark_oak_straight (from cozy_home-3.0.3.2-forge-1.20.1.jar), 
	cozy_home:table_stump_dark_oak_side (from cozy_home-3.0.3.2-forge-1.20.1.jar), 
	cozy_home:table_stump_dark_oak_double (from cozy_home-3.0.3.2-forge-1.20.1.jar), 
	cozy_home:table_stump_dark_oak_corner (from cozy_home-3.0.3.2-forge-1.20.1.jar), 
	cozy_home:table_stump_spruce_middle (from cozy_home-3.0.3.2-forge-1.20.1.jar), 
	cozy_home:table_stump_spruce_straight (from cozy_home-3.0.3.2-forge-1.20.1.jar), 
	cozy_home:table_stump_spruce_side (from cozy_home-3.0.3.2-forge-1.20.1.jar), 
	cozy_home:table_stump_spruce_double (from cozy_home-3.0.3.2-forge-1.20.1.jar), 
	cozy_home:table_stump_spruce_corner (from cozy_home-3.0.3.2-forge-1.20.1.jar), 
	cozy_home:table_stump_jungle_middle (from cozy_home-3.0.3.2-forge-1.20.1.jar), 
	cozy_home:table_stump_jungle_straight (from cozy_home-3.0.3.2-forge-1.20.1.jar), 
	cozy_home:table_strump_jungle_side (from cozy_home-3.0.3.2-forge-1.20.1.jar), 
	cozy_home:table_stump_jungle_double (from cozy_home-3.0.3.2-forge-1.20.1.jar), 
	cozy_home:table_stump_jungle_corner (from cozy_home-3.0.3.2-forge-1.20.1.jar), 
	cozy_home:table_stump_mangrove_straight (from cozy_home-3.0.3.2-forge-1.20.1.jar), 
	cozy_home:table_stump_mangrove_side (from cozy_home-3.0.3.2-forge-1.20.1.jar), 
	cozy_home:table_stump_mangrove_double (from cozy_home-3.0.3.2-forge-1.20.1.jar), 
	cozy_home:table_stump_mangrove_corner (from cozy_home-3.0.3.2-forge-1.20.1.jar), 
	cozy_home:table_stump_mangrove_middle (from cozy_home-3.0.3.2-forge-1.20.1.jar), 
	cozy_home:table_stump_crimson_straight (from cozy_home-3.0.3.2-forge-1.20.1.jar), 
	cozy_home:table_stump_crimson_side (from cozy_home-3.0.3.2-forge-1.20.1.jar), 
	cozy_home:table_stump_crimson_double (from cozy_home-3.0.3.2-forge-1.20.1.jar), 
	cozy_home:table_stump_crimson_corner (from cozy_home-3.0.3.2-forge-1.20.1.jar), 
	cozy_home:table_stump_crimson_middle (from cozy_home-3.0.3.2-forge-1.20.1.jar), 
	cozy_home:table_stump_warped_straight (from cozy_home-3.0.3.2-forge-1.20.1.jar), 
	cozy_home:table_stump_warped_side (from cozy_home-3.0.3.2-forge-1.20.1.jar), 
	cozy_home:table_stump_warped_double (from cozy_home-3.0.3.2-forge-1.20.1.jar), 
	cozy_home:table_stump_warped_corner (from cozy_home-3.0.3.2-forge-1.20.1.jar), 
	cozy_home:table_stump_warped_middle (from cozy_home-3.0.3.2-forge-1.20.1.jar), 
	cozy_home:plank_oak_1 (from cozy_home-3.0.3.2-forge-1.20.1.jar), 
	cozy_home:plank_oak_2 (from cozy_home-3.0.3.2-forge-1.20.1.jar), 
	cozy_home:plank_oak_3 (from cozy_home-3.0.3.2-forge-1.20.1.jar), 
	cozy_home:plank_birch_1 (from cozy_home-3.0.3.2-forge-1.20.1.jar), 
	cozy_home:plank_birch_2 (from cozy_home-3.0.3.2-forge-1.20.1.jar), 
	cozy_home:plank_birch_3 (from cozy_home-3.0.3.2-forge-1.20.1.jar), 
	cozy_home:plank_jungle_1 (from cozy_home-3.0.3.2-forge-1.20.1.jar), 
	cozy_home:plank_jungle_2 (from cozy_home-3.0.3.2-forge-1.20.1.jar), 
	cozy_home:plank_jungle_3 (from cozy_home-3.0.3.2-forge-1.20.1.jar), 
	cozy_home:plank_dark_oak_1 (from cozy_home-3.0.3.2-forge-1.20.1.jar), 
	cozy_home:plank_dark_oak_2 (from cozy_home-3.0.3.2-forge-1.20.1.jar), 
	cozy_home:plank_dark_oak_3 (from cozy_home-3.0.3.2-forge-1.20.1.jar), 
	cozy_home:plank_mangrove_1 (from cozy_home-3.0.3.2-forge-1.20.1.jar), 
	cozy_home:plank_mangrove_2 (from cozy_home-3.0.3.2-forge-1.20.1.jar), 
	cozy_home:plank_mangrove_3 (from cozy_home-3.0.3.2-forge-1.20.1.jar), 
	cozy_home:plank_bamboo_1 (from cozy_home-3.0.3.2-forge-1.20.1.jar), 
	cozy_home:plank_bamboo_2 (from cozy_home-3.0.3.2-forge-1.20.1.jar), 
	cozy_home:plank_bamboo_3 (from cozy_home-3.0.3.2-forge-1.20.1.jar), 
	cozy_home:plank_crimson_1 (from cozy_home-3.0.3.2-forge-1.20.1.jar), 
	cozy_home:plank_crimson_2 (from cozy_home-3.0.3.2-forge-1.20.1.jar), 
	cozy_home:plank_crimson_3 (from cozy_home-3.0.3.2-forge-1.20.1.jar), 
	cozy_home:plank_warped_1 (from cozy_home-3.0.3.2-forge-1.20.1.jar), 
	cozy_home:plank_warped_2 (from cozy_home-3.0.3.2-forge-1.20.1.jar), 
	cozy_home:plank_warped_3 (from cozy_home-3.0.3.2-forge-1.20.1.jar), 
	cozy_home:plank_spruce_1 (from cozy_home-3.0.3.2-forge-1.20.1.jar), 
	cozy_home:plank_spruce_2 (from cozy_home-3.0.3.2-forge-1.20.1.jar), 
	cozy_home:plank_spruce_3 (from cozy_home-3.0.3.2-forge-1.20.1.jar), 
	cozy_home:plank_acacia_1 (from cozy_home-3.0.3.2-forge-1.20.1.jar), 
	cozy_home:plank_acacia_2 (from cozy_home-3.0.3.2-forge-1.20.1.jar), 
	cozy_home:plank_acacia_3 (from cozy_home-3.0.3.2-forge-1.20.1.jar), 
	cozy_home:desk_oak_left (from cozy_home-3.0.3.2-forge-1.20.1.jar), 
	cozy_home:desk_oak_right (from cozy_home-3.0.3.2-forge-1.20.1.jar), 
	cozy_home:desk_oak_middle (from cozy_home-3.0.3.2-forge-1.20.1.jar), 
	cozy_home:desk_spruce_left (from cozy_home-3.0.3.2-forge-1.20.1.jar), 
	cozy_home:desk_spruce_right (from cozy_home-3.0.3.2-forge-1.20.1.jar), 
	cozy_home:desk_spruce_middle (from cozy_home-3.0.3.2-forge-1.20.1.jar), 
	cozy_home:desk_birch_left (from cozy_home-3.0.3.2-forge-1.20.1.jar), 
	cozy_home:desk_birch_right (from cozy_home-3.0.3.2-forge-1.20.1.jar), 
	cozy_home:desk_birch_middle (from cozy_home-3.0.3.2-forge-1.20.1.jar), 
	cozy_home:desk_jungle_left (from cozy_home-3.0.3.2-forge-1.20.1.jar), 
	cozy_home:desk_jungle_right (from cozy_home-3.0.3.2-forge-1.20.1.jar), 
	cozy_home:desk_jungle_middle (from cozy_home-3.0.3.2-forge-1.20.1.jar), 
	cozy_home:desk_acacia_left (from cozy_home-3.0.3.2-forge-1.20.1.jar), 
	cozy_home:desk_acacia_right (from cozy_home-3.0.3.2-forge-1.20.1.jar), 
	cozy_home:desk_acacia_middle (from cozy_home-3.0.3.2-forge-1.20.1.jar), 
	cozy_home:desk_dark_oak_left (from cozy_home-3.0.3.2-forge-1.20.1.jar), 
	cozy_home:desk_dark_oak_right (from cozy_home-3.0.3.2-forge-1.20.1.jar), 
	cozy_home:desk_dark_oak_middle (from cozy_home-3.0.3.2-forge-1.20.1.jar), 
	cozy_home:desk_mangrove_left (from cozy_home-3.0.3.2-forge-1.20.1.jar), 
	cozy_home:desk_mangrove_right (from cozy_home-3.0.3.2-forge-1.20.1.jar), 
	cozy_home:desk_mangrove_middle (from cozy_home-3.0.3.2-forge-1.20.1.jar), 
	cozy_home:desk_crimson_left (from cozy_home-3.0.3.2-forge-1.20.1.jar), 
	cozy_home:desk_crimson_right (from cozy_home-3.0.3.2-forge-1.20.1.jar), 
	cozy_home:desk_crimson_middle (from cozy_home-3.0.3.2-forge-1.20.1.jar), 
	cozy_home:desk_warped_left (from cozy_home-3.0.3.2-forge-1.20.1.jar), 
	cozy_home:desk_warped_right (from cozy_home-3.0.3.2-forge-1.20.1.jar), 
	cozy_home:desk_warped_middle (from cozy_home-3.0.3.2-forge-1.20.1.jar), 
	cozy_home:table_oak_corner (from cozy_home-3.0.3.2-forge-1.20.1.jar), 
	cozy_home:table_oak_double (from cozy_home-3.0.3.2-forge-1.20.1.jar), 
	cozy_home:table_oak_side (from cozy_home-3.0.3.2-forge-1.20.1.jar), 
	cozy_home:table_oak_straight (from cozy_home-3.0.3.2-forge-1.20.1.jar), 
	cozy_home:table_oak_middle (from cozy_home-3.0.3.2-forge-1.20.1.jar), 
	cozy_home:table_spruce_middle (from cozy_home-3.0.3.2-forge-1.20.1.jar), 
	cozy_home:table_spruce_straight (from cozy_home-3.0.3.2-forge-1.20.1.jar), 
	cozy_home:table_spruce_side (from cozy_home-3.0.3.2-forge-1.20.1.jar), 
	cozy_home:table_spruce_double (from cozy_home-3.0.3.2-forge-1.20.1.jar), 
	cozy_home:table_spruce_corner (from cozy_home-3.0.3.2-forge-1.20.1.jar), 
	cozy_home:table_birch_middle (from cozy_home-3.0.3.2-forge-1.20.1.jar), 
	cozy_home:table_birch_straight (from cozy_home-3.0.3.2-forge-1.20.1.jar), 
	cozy_home:table_birch_side (from cozy_home-3.0.3.2-forge-1.20.1.jar), 
	cozy_home:table_birch_double (from cozy_home-3.0.3.2-forge-1.20.1.jar), 
	cozy_home:table_birch_corner (from cozy_home-3.0.3.2-forge-1.20.1.jar), 
	cozy_home:table_jungle_middle (from cozy_home-3.0.3.2-forge-1.20.1.jar), 
	cozy_home:table_jungle_straight (from cozy_home-3.0.3.2-forge-1.20.1.jar), 
	cozy_home:table_jungle_side (from cozy_home-3.0.3.2-forge-1.20.1.jar), 
	cozy_home:table_jungle_double (from cozy_home-3.0.3.2-forge-1.20.1.jar), 
	cozy_home:table_jungle_corner (from cozy_home-3.0.3.2-forge-1.20.1.jar), 
	cozy_home:quartz_mirror_top (from cozy_home-3.0.3.2-forge-1.20.1.jar), 
	cozy_home:quartz_mirror_middle (from cozy_home-3.0.3.2-forge-1.20.1.jar), 
	cozy_home:quartz_mirror_bottom (from cozy_home-3.0.3.2-forge-1.20.1.jar), 
	cozy_home:desk_quartz_left (from cozy_home-3.0.3.2-forge-1.20.1.jar), 
	cozy_home:desk_quartz_right (from cozy_home-3.0.3.2-forge-1.20.1.jar), 
	cozy_home:desk_quartz_middle (from cozy_home-3.0.3.2-forge-1.20.1.jar), 
	cozy_home:bamboo_mirror_top (from cozy_home-3.0.3.2-forge-1.20.1.jar), 
	cozy_home:bamboo_mirror_bottom (from cozy_home-3.0.3.2-forge-1.20.1.jar), 
	cozy_home:bamboo_mirror_middle (from cozy_home-3.0.3.2-forge-1.20.1.jar), 
	cozy_home:chimney_brick_long (from cozy_home-3.0.3.2-forge-1.20.1.jar), 
	cozy_home:chimney_netherbrick_long (from cozy_home-3.0.3.2-forge-1.20.1.jar), 
	cozy_home:chimney_stonebrick_long (from cozy_home-3.0.3.2-forge-1.20.1.jar), 
	cozy_home:chimney_brick_intake (from cozy_home-3.0.3.2-forge-1.20.1.jar), 
	cozy_home:chimney_stonebrick_intake (from cozy_home-3.0.3.2-forge-1.20.1.jar), 
	cozy_home:chimney_netherbrick_intake (from cozy_home-3.0.3.2-forge-1.20.1.jar), 
	cozy_home:chimney_brick_solid (from cozy_home-3.0.3.2-forge-1.20.1.jar), 
	cozy_home:chimney_stonebrick_solid (from cozy_home-3.0.3.2-forge-1.20.1.jar), 
	cozy_home:chimney_netherbrick_solid (from cozy_home-3.0.3.2-forge-1.20.1.jar), 
	cozy_home:chimney_cobblestone_long (from cozy_home-3.0.3.2-forge-1.20.1.jar), 
	cozy_home:chimney_cobblestone_intake (from cozy_home-3.0.3.2-forge-1.20.1.jar), 
	cozy_home:chimney_cobblestone_solid (from cozy_home-3.0.3.2-forge-1.20.1.jar), 
	cozy_home:counter_quartz_outer_corner_left (from cozy_home-3.0.3.2-forge-1.20.1.jar), 
	cozy_home:counter_quartz_inner_corner_left (from cozy_home-3.0.3.2-forge-1.20.1.jar), 
	cozy_home:counter_quartz_inner_corner_right (from cozy_home-3.0.3.2-forge-1.20.1.jar), 
	cozy_home:counter_quartz_outer_corner_right (from cozy_home-3.0.3.2-forge-1.20.1.jar), 
	cozy_home:rug_trader_corner (from cozy_home-3.0.3.2-forge-1.20.1.jar), 
	cozy_home:rug_trader_double (from cozy_home-3.0.3.2-forge-1.20.1.jar), 
	cozy_home:rug_trader_side (from cozy_home-3.0.3.2-forge-1.20.1.jar), 
	cozy_home:rug_trader_straight (from cozy_home-3.0.3.2-forge-1.20.1.jar), 
	cozy_home:rug_trader_middle (from cozy_home-3.0.3.2-forge-1.20.1.jar), 
	cozy_home:table_acacia_middle (from cozy_home-3.0.3.2-forge-1.20.1.jar), 
	cozy_home:table_acacia_straight (from cozy_home-3.0.3.2-forge-1.20.1.jar), 
	cozy_home:table_acacia_side (from cozy_home-3.0.3.2-forge-1.20.1.jar), 
	cozy_home:table_acacia_double (from cozy_home-3.0.3.2-forge-1.20.1.jar), 
	cozy_home:table_acacia_corner (from cozy_home-3.0.3.2-forge-1.20.1.jar), 
	cozy_home:table_bamboo_middle (from cozy_home-3.0.3.2-forge-1.20.1.jar), 
	cozy_home:table_bamboo_straight (from cozy_home-3.0.3.2-forge-1.20.1.jar), 
	cozy_home:table_bamboo_side (from cozy_home-3.0.3.2-forge-1.20.1.jar), 
	cozy_home:table_bamboo_double (from cozy_home-3.0.3.2-forge-1.20.1.jar), 
	cozy_home:table_bamboo_corner (from cozy_home-3.0.3.2-forge-1.20.1.jar), 
	cozy_home:table_dark_oak_middle (from cozy_home-3.0.3.2-forge-1.20.1.jar), 
	cozy_home:table_dark_oak_straight (from cozy_home-3.0.3.2-forge-1.20.1.jar), 
	cozy_home:table_dark_oak_side (from cozy_home-3.0.3.2-forge-1.20.1.jar), 
	cozy_home:table_dark_oak_double (from cozy_home-3.0.3.2-forge-1.20.1.jar), 
	cozy_home:table_dark_oak_corner (from cozy_home-3.0.3.2-forge-1.20.1.jar), 
	cozy_home:table_mangrove_middle (from cozy_home-3.0.3.2-forge-1.20.1.jar), 
	cozy_home:table_mangrove_straight (from cozy_home-3.0.3.2-forge-1.20.1.jar), 
	cozy_home:table_mangrove_side (from cozy_home-3.0.3.2-forge-1.20.1.jar), 
	cozy_home:table_mangrove_double (from cozy_home-3.0.3.2-forge-1.20.1.jar), 
	cozy_home:table_mangrove_corner (from cozy_home-3.0.3.2-forge-1.20.1.jar), 
	cozy_home:table_crimson_middle (from cozy_home-3.0.3.2-forge-1.20.1.jar), 
	cozy_home:table_crimson_straight (from cozy_home-3.0.3.2-forge-1.20.1.jar), 
	cozy_home:table_crimson_side (from cozy_home-3.0.3.2-forge-1.20.1.jar), 
	cozy_home:table_crimson_double (from cozy_home-3.0.3.2-forge-1.20.1.jar), 
	cozy_home:table_crimson_corner (from cozy_home-3.0.3.2-forge-1.20.1.jar), 
	cozy_home:table_warped_middle (from cozy_home-3.0.3.2-forge-1.20.1.jar), 
	cozy_home:table_warped_straight (from cozy_home-3.0.3.2-forge-1.20.1.jar), 
	cozy_home:table_warped_side (from cozy_home-3.0.3.2-forge-1.20.1.jar), 
	cozy_home:table_warped_double (from cozy_home-3.0.3.2-forge-1.20.1.jar), 
	cozy_home:table_warped_corner (from cozy_home-3.0.3.2-forge-1.20.1.jar), 
	cozy_home:cherry_chair_tucked (from cozy_home-3.0.3.2-forge-1.20.1.jar), 
	cozy_home:plank_cherry_1 (from cozy_home-3.0.3.2-forge-1.20.1.jar), 
	cozy_home:plank_cherry_2 (from cozy_home-3.0.3.2-forge-1.20.1.jar), 
	cozy_home:plank_cherry_3 (from cozy_home-3.0.3.2-forge-1.20.1.jar), 
	cozy_home:drawer_cherry_left (from cozy_home-3.0.3.2-forge-1.20.1.jar), 
	cozy_home:drawer_cherry_right (from cozy_home-3.0.3.2-forge-1.20.1.jar), 
	cozy_home:drawer_cherry_middle (from cozy_home-3.0.3.2-forge-1.20.1.jar), 
	cozy_home:desk_cherry_left (from cozy_home-3.0.3.2-forge-1.20.1.jar), 
	cozy_home:desk_cherry_right (from cozy_home-3.0.3.2-forge-1.20.1.jar), 
	cozy_home:desk_cherry_middle (from cozy_home-3.0.3.2-forge-1.20.1.jar), 
	cozy_home:cherry_mirror_top (from cozy_home-3.0.3.2-forge-1.20.1.jar), 
	cozy_home:cherry_mirror_bottom (from cozy_home-3.0.3.2-forge-1.20.1.jar), 
	cozy_home:cherry_mirror_middle (from cozy_home-3.0.3.2-forge-1.20.1.jar), 
	cozy_home:table_cherry_corner (from cozy_home-3.0.3.2-forge-1.20.1.jar), 
	cozy_home:table_cherry_double (from cozy_home-3.0.3.2-forge-1.20.1.jar), 
	cozy_home:table_cherry_side (from cozy_home-3.0.3.2-forge-1.20.1.jar), 
	cozy_home:table_cherry_straight (from cozy_home-3.0.3.2-forge-1.20.1.jar), 
	cozy_home:table_cherry_middle (from cozy_home-3.0.3.2-forge-1.20.1.jar), 
	cozy_home:table_stump_cherry_corner (from cozy_home-3.0.3.2-forge-1.20.1.jar), 
	cozy_home:table_stump_cherry_double (from cozy_home-3.0.3.2-forge-1.20.1.jar), 
	cozy_home:table_stump_cherry_side (from cozy_home-3.0.3.2-forge-1.20.1.jar), 
	cozy_home:table_stump_cherry_straight (from cozy_home-3.0.3.2-forge-1.20.1.jar), 
	cozy_home:table_stump_cherry_middle (from cozy_home-3.0.3.2-forge-1.20.1.jar), 
	cozy_home:oak_bench_left (from cozy_home-3.0.3.2-forge-1.20.1.jar), 
	cozy_home:oak_bench_middle (from cozy_home-3.0.3.2-forge-1.20.1.jar), 
	cozy_home:oak_bench_right (from cozy_home-3.0.3.2-forge-1.20.1.jar), 
	cozy_home:spruce_bench_left (from cozy_home-3.0.3.2-forge-1.20.1.jar), 
	cozy_home:spruce_bench_middle (from cozy_home-3.0.3.2-forge-1.20.1.jar), 
	cozy_home:spruce_bench_right (from cozy_home-3.0.3.2-forge-1.20.1.jar), 
	cozy_home:birch_bench_left (from cozy_home-3.0.3.2-forge-1.20.1.jar), 
	cozy_home:birch_bench_middle (from cozy_home-3.0.3.2-forge-1.20.1.jar), 
	cozy_home:birch_bench_right (from cozy_home-3.0.3.2-forge-1.20.1.jar), 
	cozy_home:jungle_bench_left (from cozy_home-3.0.3.2-forge-1.20.1.jar), 
	cozy_home:jungle_bench_middle (from cozy_home-3.0.3.2-forge-1.20.1.jar), 
	cozy_home:jungle_bench_right (from cozy_home-3.0.3.2-forge-1.20.1.jar), 
	cozy_home:acacia_bench_left (from cozy_home-3.0.3.2-forge-1.20.1.jar), 
	cozy_home:acacia_bench_middle (from cozy_home-3.0.3.2-forge-1.20.1.jar), 
	cozy_home:acacia_bench_right (from cozy_home-3.0.3.2-forge-1.20.1.jar), 
	cozy_home:bamboo_bench_left (from cozy_home-3.0.3.2-forge-1.20.1.jar), 
	cozy_home:bamboo_bench_middle (from cozy_home-3.0.3.2-forge-1.20.1.jar), 
	cozy_home:bamboo_bench_right (from cozy_home-3.0.3.2-forge-1.20.1.jar), 
	cozy_home:cherry_bench_left (from cozy_home-3.0.3.2-forge-1.20.1.jar), 
	cozy_home:cherry_bench_middle (from cozy_home-3.0.3.2-forge-1.20.1.jar), 
	cozy_home:cherry_bench_right (from cozy_home-3.0.3.2-forge-1.20.1.jar), 
	cozy_home:dark_oak_bench_left (from cozy_home-3.0.3.2-forge-1.20.1.jar), 
	cozy_home:dark_oak_bench_middle (from cozy_home-3.0.3.2-forge-1.20.1.jar), 
	cozy_home:dark_oak_bench_right (from cozy_home-3.0.3.2-forge-1.20.1.jar), 
	cozy_home:crimson_bench_left (from cozy_home-3.0.3.2-forge-1.20.1.jar), 
	cozy_home:crimson_bench_middle (from cozy_home-3.0.3.2-forge-1.20.1.jar), 
	cozy_home:crimson_bench_right (from cozy_home-3.0.3.2-forge-1.20.1.jar), 
	cozy_home:mangrove_bench_left (from cozy_home-3.0.3.2-forge-1.20.1.jar), 
	cozy_home:mangrove_bench_middle (from cozy_home-3.0.3.2-forge-1.20.1.jar), 
	cozy_home:mangrove_bench_right (from cozy_home-3.0.3.2-forge-1.20.1.jar), 
	cozy_home:quartz_bench_left (from cozy_home-3.0.3.2-forge-1.20.1.jar), 
	cozy_home:quartz_bench_middle (from cozy_home-3.0.3.2-forge-1.20.1.jar), 
	cozy_home:quartz_bench_right (from cozy_home-3.0.3.2-forge-1.20.1.jar), 
	cozy_home:warped_bench_left (from cozy_home-3.0.3.2-forge-1.20.1.jar), 
	cozy_home:warped_bench_middle (from cozy_home-3.0.3.2-forge-1.20.1.jar), 
	cozy_home:warped_bench_right (from cozy_home-3.0.3.2-forge-1.20.1.jar)
[08Dec2025 18:05:17.939] [Worker-Main-1/ERROR] [net.minecraft.tags.TagLoader/]: Couldn't load tag fabric:needs_tool_level_1 as it is missing following references: cozy_home:counter_oak (from cozy_home-3.0.3.2-forge-1.20.1.jar), 
	cozy_home:counter_oak_storage (from cozy_home-3.0.3.2-forge-1.20.1.jar), 
	cozy_home:counter_oak_sink (from cozy_home-3.0.3.2-forge-1.20.1.jar), 
	cozy_home:counter_spruce (from cozy_home-3.0.3.2-forge-1.20.1.jar), 
	cozy_home:counter_spruce_storage (from cozy_home-3.0.3.2-forge-1.20.1.jar), 
	cozy_home:counter_spruce_sink (from cozy_home-3.0.3.2-forge-1.20.1.jar), 
	cozy_home:counter_birch (from cozy_home-3.0.3.2-forge-1.20.1.jar), 
	cozy_home:counter_birch_storage (from cozy_home-3.0.3.2-forge-1.20.1.jar), 
	cozy_home:counter_birch_sink (from cozy_home-3.0.3.2-forge-1.20.1.jar), 
	cozy_home:counter_jungle (from cozy_home-3.0.3.2-forge-1.20.1.jar), 
	cozy_home:counter_jungle_storage (from cozy_home-3.0.3.2-forge-1.20.1.jar), 
	cozy_home:counter_jungle_sink (from cozy_home-3.0.3.2-forge-1.20.1.jar), 
	cozy_home:counter_acacia (from cozy_home-3.0.3.2-forge-1.20.1.jar), 
	cozy_home:counter_acacia_storage (from cozy_home-3.0.3.2-forge-1.20.1.jar), 
	cozy_home:counter_acacia_sink (from cozy_home-3.0.3.2-forge-1.20.1.jar), 
	cozy_home:counter_dark_oak (from cozy_home-3.0.3.2-forge-1.20.1.jar), 
	cozy_home:counter_dark_oak_storage (from cozy_home-3.0.3.2-forge-1.20.1.jar), 
	cozy_home:counter_dark_oak_sink (from cozy_home-3.0.3.2-forge-1.20.1.jar), 
	cozy_home:counter_mangrove (from cozy_home-3.0.3.2-forge-1.20.1.jar), 
	cozy_home:counter_mangrove_storage (from cozy_home-3.0.3.2-forge-1.20.1.jar), 
	cozy_home:counter_mangrove_sink (from cozy_home-3.0.3.2-forge-1.20.1.jar), 
	cozy_home:counter_cherry (from cozy_home-3.0.3.2-forge-1.20.1.jar), 
	cozy_home:counter_cherry_storage (from cozy_home-3.0.3.2-forge-1.20.1.jar), 
	cozy_home:counter_cherry_sink (from cozy_home-3.0.3.2-forge-1.20.1.jar), 
	cozy_home:counter_crimson (from cozy_home-3.0.3.2-forge-1.20.1.jar), 
	cozy_home:counter_crimson_storage (from cozy_home-3.0.3.2-forge-1.20.1.jar), 
	cozy_home:counter_crimson_sink (from cozy_home-3.0.3.2-forge-1.20.1.jar), 
	cozy_home:counter_warped (from cozy_home-3.0.3.2-forge-1.20.1.jar), 
	cozy_home:counter_warped_storage (from cozy_home-3.0.3.2-forge-1.20.1.jar), 
	cozy_home:counter_warped_sink (from cozy_home-3.0.3.2-forge-1.20.1.jar), 
	cozy_home:drawer_quartz (from cozy_home-3.0.3.2-forge-1.20.1.jar), 
	cozy_home:grandfather_clock_oak_bottom (from cozy_home-3.0.3.2-forge-1.20.1.jar), 
	cozy_home:grandfather_clock_spruce_bottom (from cozy_home-3.0.3.2-forge-1.20.1.jar), 
	cozy_home:grandfather_clock_birch_bottom (from cozy_home-3.0.3.2-forge-1.20.1.jar), 
	cozy_home:grandfather_clock_jungle_bottom (from cozy_home-3.0.3.2-forge-1.20.1.jar), 
	cozy_home:grandfather_clock_acacia_bottom (from cozy_home-3.0.3.2-forge-1.20.1.jar), 
	cozy_home:grandfather_clock_dark_oak_bottom (from cozy_home-3.0.3.2-forge-1.20.1.jar), 
	cozy_home:grandfather_clock_mangrove_bottom (from cozy_home-3.0.3.2-forge-1.20.1.jar), 
	cozy_home:grandfather_clock_cherry_bottom (from cozy_home-3.0.3.2-forge-1.20.1.jar), 
	cozy_home:grandfather_clock_crimson_bottom (from cozy_home-3.0.3.2-forge-1.20.1.jar), 
	cozy_home:grandfather_clock_warped_bottom (from cozy_home-3.0.3.2-forge-1.20.1.jar), 
	cozy_home:grandfather_clock_bamboo_bottom (from cozy_home-3.0.3.2-forge-1.20.1.jar), 
	cozy_home:grandfather_clock_quartz_bottom (from cozy_home-3.0.3.2-forge-1.20.1.jar), 
	cozy_home:fireplace_oak (from cozy_home-3.0.3.2-forge-1.20.1.jar), 
	cozy_home:drawer_quartz_left (from cozy_home-3.0.3.2-forge-1.20.1.jar), 
	cozy_home:drawer_quartz_middle (from cozy_home-3.0.3.2-forge-1.20.1.jar), 
	cozy_home:drawer_quartz_right (from cozy_home-3.0.3.2-forge-1.20.1.jar), 
	cozy_home:quartz_chair_tucked (from cozy_home-3.0.3.2-forge-1.20.1.jar), 
	cozy_home:grandfather_clock_oak_middle (from cozy_home-3.0.3.2-forge-1.20.1.jar), 
	cozy_home:grandfather_clock_oak_top (from cozy_home-3.0.3.2-forge-1.20.1.jar), 
	cozy_home:grandfather_clock_spruce_middle (from cozy_home-3.0.3.2-forge-1.20.1.jar), 
	cozy_home:grandfather_clock_spruce_top (from cozy_home-3.0.3.2-forge-1.20.1.jar), 
	cozy_home:grandfather_clock_birch_middle (from cozy_home-3.0.3.2-forge-1.20.1.jar), 
	cozy_home:grandfather_clock_birch_top (from cozy_home-3.0.3.2-forge-1.20.1.jar), 
	cozy_home:grandfather_clock_jungle_middle (from cozy_home-3.0.3.2-forge-1.20.1.jar), 
	cozy_home:grandfather_clock_jungle_top (from cozy_home-3.0.3.2-forge-1.20.1.jar), 
	cozy_home:grandfather_clock_acacia_middle (from cozy_home-3.0.3.2-forge-1.20.1.jar), 
	cozy_home:grandfather_clock_acacia_top (from cozy_home-3.0.3.2-forge-1.20.1.jar), 
	cozy_home:grandfather_clock_dark_oak_middle (from cozy_home-3.0.3.2-forge-1.20.1.jar), 
	cozy_home:grandfather_clock_dark_oak_top (from cozy_home-3.0.3.2-forge-1.20.1.jar), 
	cozy_home:grandfather_clock_mangrove_middle (from cozy_home-3.0.3.2-forge-1.20.1.jar), 
	cozy_home:grandfather_clock_mangrove_top (from cozy_home-3.0.3.2-forge-1.20.1.jar), 
	cozy_home:grandfather_clock_crimson_middle (from cozy_home-3.0.3.2-forge-1.20.1.jar), 
	cozy_home:grandfather_clock_crimson_top (from cozy_home-3.0.3.2-forge-1.20.1.jar), 
	cozy_home:grandfather_clock_warped_middle (from cozy_home-3.0.3.2-forge-1.20.1.jar), 
	cozy_home:grandfather_clock_warped_top (from cozy_home-3.0.3.2-forge-1.20.1.jar), 
	cozy_home:grandfather_clock_bamboo_middle (from cozy_home-3.0.3.2-forge-1.20.1.jar), 
	cozy_home:grandfather_clock_bamboo_top (from cozy_home-3.0.3.2-forge-1.20.1.jar), 
	cozy_home:grandfather_clock_quartz_middle (from cozy_home-3.0.3.2-forge-1.20.1.jar), 
	cozy_home:grandfather_clock_quartz_top (from cozy_home-3.0.3.2-forge-1.20.1.jar), 
	cozy_home:counter_oak_outer_corner_left (from cozy_home-3.0.3.2-forge-1.20.1.jar), 
	cozy_home:counter_oak_outer_corner_right (from cozy_home-3.0.3.2-forge-1.20.1.jar), 
	cozy_home:counter_oak_inner_corner_left (from cozy_home-3.0.3.2-forge-1.20.1.jar), 
	cozy_home:counter_oak_inner_corner_right (from cozy_home-3.0.3.2-forge-1.20.1.jar), 
	cozy_home:counter_spruce_outer_corner_left (from cozy_home-3.0.3.2-forge-1.20.1.jar), 
	cozy_home:counter_spruce_outer_corner_right (from cozy_home-3.0.3.2-forge-1.20.1.jar), 
	cozy_home:counter_spruce_inner_corner_left (from cozy_home-3.0.3.2-forge-1.20.1.jar), 
	cozy_home:counter_spruce_inner_corner_right (from cozy_home-3.0.3.2-forge-1.20.1.jar), 
	cozy_home:counter_birch_outer_corner_left (from cozy_home-3.0.3.2-forge-1.20.1.jar), 
	cozy_home:counter_birch_inner_corner_left (from cozy_home-3.0.3.2-forge-1.20.1.jar), 
	cozy_home:counter_birch_inner_corner_right (from cozy_home-3.0.3.2-forge-1.20.1.jar), 
	cozy_home:counter_jungle_outer_corner_left (from cozy_home-3.0.3.2-forge-1.20.1.jar), 
	cozy_home:counter_jungle_inner_corner_left (from cozy_home-3.0.3.2-forge-1.20.1.jar), 
	cozy_home:counter_jungle_inner_corner_right (from cozy_home-3.0.3.2-forge-1.20.1.jar), 
	cozy_home:counter_birch_outer_corner_right (from cozy_home-3.0.3.2-forge-1.20.1.jar), 
	cozy_home:counter_jungle_outer_corner_right (from cozy_home-3.0.3.2-forge-1.20.1.jar), 
	cozy_home:counter_acacia_outer_corner_left (from cozy_home-3.0.3.2-forge-1.20.1.jar), 
	cozy_home:counter_acacia_inner_corner_left (from cozy_home-3.0.3.2-forge-1.20.1.jar), 
	cozy_home:counter_acacia_inner_corner_right (from cozy_home-3.0.3.2-forge-1.20.1.jar), 
	cozy_home:counter_acacia_outer_corner_right (from cozy_home-3.0.3.2-forge-1.20.1.jar), 
	cozy_home:counter_dark_oak_outer_corner_left (from cozy_home-3.0.3.2-forge-1.20.1.jar), 
	cozy_home:counter_dark_oak_inner_corner_left (from cozy_home-3.0.3.2-forge-1.20.1.jar), 
	cozy_home:counter_dark_oak_inner_corner_right (from cozy_home-3.0.3.2-forge-1.20.1.jar), 
	cozy_home:counter_dark_oak_outer_corner_right (from cozy_home-3.0.3.2-forge-1.20.1.jar), 
	cozy_home:counter_mangrove_outer_corner_left (from cozy_home-3.0.3.2-forge-1.20.1.jar), 
	cozy_home:counter_mangrove_inner_corner_left (from cozy_home-3.0.3.2-forge-1.20.1.jar), 
	cozy_home:counter_mangrove_inner_corner_right (from cozy_home-3.0.3.2-forge-1.20.1.jar), 
	cozy_home:counter_mangrove_outer_corner_right (from cozy_home-3.0.3.2-forge-1.20.1.jar), 
	cozy_home:counter_crimson_outer_corner_left (from cozy_home-3.0.3.2-forge-1.20.1.jar), 
	cozy_home:counter_crimson_inner_corner_left (from cozy_home-3.0.3.2-forge-1.20.1.jar), 
	cozy_home:counter_crimson_inner_corner_right (from cozy_home-3.0.3.2-forge-1.20.1.jar), 
	cozy_home:counter_crimson_outer_corner_right (from cozy_home-3.0.3.2-forge-1.20.1.jar), 
	cozy_home:counter_warped_outer_corner_left (from cozy_home-3.0.3.2-forge-1.20.1.jar), 
	cozy_home:counter_warped_inner_corner_left (from cozy_home-3.0.3.2-forge-1.20.1.jar), 
	cozy_home:counter_warped_inner_corner_right (from cozy_home-3.0.3.2-forge-1.20.1.jar), 
	cozy_home:counter_warped_outer_corner_right (from cozy_home-3.0.3.2-forge-1.20.1.jar), 
	cozy_home:counter_cherry_outer_corner_left (from cozy_home-3.0.3.2-forge-1.20.1.jar), 
	cozy_home:counter_cherry_outer_corner_right (from cozy_home-3.0.3.2-forge-1.20.1.jar), 
	cozy_home:counter_cherry_inner_corner_left (from cozy_home-3.0.3.2-forge-1.20.1.jar), 
	cozy_home:counter_cherry_corner_right (from cozy_home-3.0.3.2-forge-1.20.1.jar), 
	cozy_home:grandfather_clock_cherry_middle (from cozy_home-3.0.3.2-forge-1.20.1.jar), 
	cozy_home:grandfather_clock_cherry_top (from cozy_home-3.0.3.2-forge-1.20.1.jar), 
	cozy_home:fireplace_oak_horizontal_left (from cozy_home-3.0.3.2-forge-1.20.1.jar), 
	cozy_home:fireplace_oak_horizontal_middle (from cozy_home-3.0.3.2-forge-1.20.1.jar), 
	cozy_home:fireplace_oak_horizontal_right (from cozy_home-3.0.3.2-forge-1.20.1.jar), 
	cozy_home:fireplace_oak_vertical_bottom (from cozy_home-3.0.3.2-forge-1.20.1.jar), 
	cozy_home:fireplace_oak_vertical_middle (from cozy_home-3.0.3.2-forge-1.20.1.jar), 
	cozy_home:fireplace_oak_vertical_top (from cozy_home-3.0.3.2-forge-1.20.1.jar), 
	cozy_home:fireplace_oak_top_left (from cozy_home-3.0.3.2-forge-1.20.1.jar), 
	cozy_home:fireplace_oak_top_middle (from cozy_home-3.0.3.2-forge-1.20.1.jar), 
	cozy_home:fireplace_oak_top_right (from cozy_home-3.0.3.2-forge-1.20.1.jar), 
	cozy_home:fireplace_oak_middle_left (from cozy_home-3.0.3.2-forge-1.20.1.jar), 
	cozy_home:fireplace_oak_middle_right (from cozy_home-3.0.3.2-forge-1.20.1.jar), 
	cozy_home:fireplace_oak_bottom_left (from cozy_home-3.0.3.2-forge-1.20.1.jar), 
	cozy_home:fireplace_oak_bottom_middle (from cozy_home-3.0.3.2-forge-1.20.1.jar), 
	cozy_home:fireplace_oak_bottom_right (from cozy_home-3.0.3.2-forge-1.20.1.jar)
[08Dec2025 18:05:19.198] [Worker-Main-2/ERROR] [net.minecraftforge.common.ForgeHooks/]: Couldn't parse element loot_tables:mynethersdelight:blocks/blackstone_cooking_pot
com.google.gson.JsonSyntaxException: Unknown type 'mynethersdelight:copy_meal'
	at net.minecraft.world.level.storage.loot.GsonAdapterFactory$JsonAdapter.deserialize(GsonAdapterFactory.java:99) ~[server-1.20.1-20230612.114412-srg.jar%23261!/:?]
	at com.google.gson.internal.bind.TreeTypeAdapter.read(TreeTypeAdapter.java:76) ~[gson-2.10.jar%2370!/:?]
	at com.google.gson.internal.bind.TypeAdapterRuntimeTypeWrapper.read(TypeAdapterRuntimeTypeWrapper.java:40) ~[gson-2.10.jar%2370!/:?]
	at com.google.gson.internal.bind.ArrayTypeAdapter.read(ArrayTypeAdapter.java:72) ~[gson-2.10.jar%2370!/:?]
	at com.google.gson.Gson.fromJson(Gson.java:1214) ~[gson-2.10.jar%2370!/:?]
	at com.google.gson.Gson.fromJson(Gson.java:1319) ~[gson-2.10.jar%2370!/:?]
	at com.google.gson.Gson.fromJson(Gson.java:1290) ~[gson-2.10.jar%2370!/:?]
	at com.google.gson.internal.bind.TreeTypeAdapter$GsonContextImpl.deserialize(TreeTypeAdapter.java:179) ~[gson-2.10.jar%2370!/:?]
	at net.minecraft.util.GsonHelper.m_13808_(GsonHelper.java:463) ~[server-1.20.1-20230612.114412-srg.jar%23261!/:?]
	at net.minecraft.util.GsonHelper.m_13845_(GsonHelper.java:481) ~[server-1.20.1-20230612.114412-srg.jar%23261!/:?]
	at net.minecraft.world.level.storage.loot.entries.LootPoolSingletonContainer$Serializer.m_5921_(LootPoolSingletonContainer.java:149) ~[server-1.20.1-20230612.114412-srg.jar%23261!/:?]
	at net.minecraft.world.level.storage.loot.entries.LootPoolSingletonContainer$Serializer.m_5921_(LootPoolSingletonContainer.java:129) ~[server-1.20.1-20230612.114412-srg.jar%23261!/:?]
	at net.minecraft.world.level.storage.loot.entries.LootPoolEntryContainer$Serializer.m_7561_(LootPoolEntryContainer.java:86) ~[server-1.20.1-20230612.114412-srg.jar%23261!/:?]
	at net.minecraft.world.level.storage.loot.entries.LootPoolEntryContainer$Serializer.m_7561_(LootPoolEntryContainer.java:74) ~[server-1.20.1-20230612.114412-srg.jar%23261!/:?]
	at net.minecraft.world.level.storage.loot.GsonAdapterFactory$JsonAdapter.deserialize(GsonAdapterFactory.java:102) ~[server-1.20.1-20230612.114412-srg.jar%23261!/:?]
	at com.google.gson.internal.bind.TreeTypeAdapter.read(TreeTypeAdapter.java:76) ~[gson-2.10.jar%2370!/:?]
	at com.google.gson.internal.bind.TypeAdapterRuntimeTypeWrapper.read(TypeAdapterRuntimeTypeWrapper.java:40) ~[gson-2.10.jar%2370!/:?]
	at com.google.gson.internal.bind.ArrayTypeAdapter.read(ArrayTypeAdapter.java:72) ~[gson-2.10.jar%2370!/:?]
	at com.google.gson.Gson.fromJson(Gson.java:1214) ~[gson-2.10.jar%2370!/:?]
	at com.google.gson.Gson.fromJson(Gson.java:1319) ~[gson-2.10.jar%2370!/:?]
	at com.google.gson.Gson.fromJson(Gson.java:1290) ~[gson-2.10.jar%2370!/:?]
	at com.google.gson.internal.bind.TreeTypeAdapter$GsonContextImpl.deserialize(TreeTypeAdapter.java:179) ~[gson-2.10.jar%2370!/:?]
	at net.minecraft.util.GsonHelper.m_13808_(GsonHelper.java:463) ~[server-1.20.1-20230612.114412-srg.jar%23261!/:?]
	at net.minecraft.util.GsonHelper.m_13836_(GsonHelper.java:471) ~[server-1.20.1-20230612.114412-srg.jar%23261!/:?]
	at net.minecraft.world.level.storage.loot.LootPool$Serializer.deserialize(LootPool.java:192) ~[server-1.20.1-20230612.114412-srg.jar%23261!/:?]
	at net.minecraft.world.level.storage.loot.LootPool$Serializer.deserialize(LootPool.java:189) ~[server-1.20.1-20230612.114412-srg.jar%23261!/:?]
	at com.google.gson.internal.bind.TreeTypeAdapter.read(TreeTypeAdapter.java:76) ~[gson-2.10.jar%2370!/:?]
	at com.google.gson.internal.bind.TypeAdapterRuntimeTypeWrapper.read(TypeAdapterRuntimeTypeWrapper.java:40) ~[gson-2.10.jar%2370!/:?]
	at com.google.gson.internal.bind.ArrayTypeAdapter.read(ArrayTypeAdapter.java:72) ~[gson-2.10.jar%2370!/:?]
	at com.google.gson.Gson.fromJson(Gson.java:1214) ~[gson-2.10.jar%2370!/:?]
	at com.google.gson.Gson.fromJson(Gson.java:1319) ~[gson-2.10.jar%2370!/:?]
	at com.google.gson.Gson.fromJson(Gson.java:1290) ~[gson-2.10.jar%2370!/:?]
	at com.google.gson.internal.bind.TreeTypeAdapter$GsonContextImpl.deserialize(TreeTypeAdapter.java:179) ~[gson-2.10.jar%2370!/:?]
	at net.minecraft.util.GsonHelper.m_13808_(GsonHelper.java:463) ~[server-1.20.1-20230612.114412-srg.jar%23261!/:?]
	at net.minecraft.util.GsonHelper.m_13845_(GsonHelper.java:481) ~[server-1.20.1-20230612.114412-srg.jar%23261!/:?]
	at net.minecraft.world.level.storage.loot.LootTable$Serializer.deserialize(LootTable.java:294) ~[server-1.20.1-20230612.114412-srg.jar%23261!/:?]
	at net.minecraft.world.level.storage.loot.LootTable$Serializer.deserialize(LootTable.java:291) ~[server-1.20.1-20230612.114412-srg.jar%23261!/:?]
	at com.google.gson.internal.bind.TreeTypeAdapter.read(TreeTypeAdapter.java:76) ~[gson-2.10.jar%2370!/:?]
	at com.google.gson.Gson.fromJson(Gson.java:1214) ~[gson-2.10.jar%2370!/:?]
	at com.google.gson.Gson.fromJson(Gson.java:1319) ~[gson-2.10.jar%2370!/:?]
	at com.google.gson.Gson.fromJson(Gson.java:1261) ~[gson-2.10.jar%2370!/:?]
	at net.minecraftforge.common.ForgeHooks.loadLootTable(ForgeHooks.java:871) ~[forge-1.20.1-47.3.7-universal.jar%23266!/:?]
	at net.minecraftforge.common.ForgeHooks.lambda$getLootTableDeserializer$3(ForgeHooks.java:848) ~[forge-1.20.1-47.3.7-universal.jar%23266!/:?]
	at net.minecraft.world.level.storage.loot.LootDataType.deserialize(LootDataType.java:45) ~[server-1.20.1-20230612.114412-srg.jar%23261!/:?]
	at net.minecraft.world.level.storage.loot.LootDataManager.lambda$scheduleElementParse$4(LootDataManager.java:56) ~[server-1.20.1-20230612.114412-srg.jar%23261!/:?]
	at java.util.HashMap.forEach(HashMap.java:1421) ~[?:?]
	at net.minecraft.world.level.storage.loot.LootDataManager.m_278660_(LootDataManager.java:55) ~[server-1.20.1-20230612.114412-srg.jar%23261!/:?]
	at java.util.concurrent.CompletableFuture$AsyncRun.run(CompletableFuture.java:1804) ~[?:?]
	at java.util.concurrent.CompletableFuture$AsyncRun.exec(CompletableFuture.java:1796) ~[?:?]
	at java.util.concurrent.ForkJoinTask.doExec(ForkJoinTask.java:373) ~[?:?]
	at java.util.concurrent.ForkJoinPool$WorkQueue.topLevelExec(ForkJoinPool.java:1182) ~[?:?]
	at java.util.concurrent.ForkJoinPool.scan(ForkJoinPool.java:1655) ~[?:?]
	at java.util.concurrent.ForkJoinPool.runWorker(ForkJoinPool.java:1622) ~[?:?]
	at java.util.concurrent.ForkJoinWorkerThread.run(ForkJoinWorkerThread.java:165) ~[?:?]
[08Dec2025 18:05:19.499] [main/WARN] [net.minecraft.world.level.storage.loot.LootDataManager/]: Found loot table element validation problem in {loot_tables:dungeons_arise:chests/illager_campsite/illager_campsite_map}.pools[7].entries[0]->{minecraft:chests/pillager_outpost}.pools[8].entries[0].functions[2]: Parameters [<parameter minecraft:tool>] are not provided in this context
[08Dec2025 18:05:19.500] [main/WARN] [net.minecraft.world.level.storage.loot.LootDataManager/]: Found loot table element validation problem in {loot_tables:minecraft:chests/pillager_outpost}.pools[8].entries[0].functions[2]: Parameters [<parameter minecraft:tool>] are not provided in this context
[08Dec2025 18:05:19.500] [main/WARN] [net.minecraft.world.level.storage.loot.LootDataManager/]: Found loot table element validation problem in {loot_tables:dungeons_arise:chests/illager_campsite/illager_campsite_tent}.pools[5].entries[0]->{minecraft:chests/pillager_outpost}.pools[8].entries[0].functions[2]: Parameters [<parameter minecraft:tool>] are not provided in this context
[08Dec2025 18:05:19.592] [main/ERROR] [net.minecraft.world.item.crafting.RecipeManager/]: Parsing error loading recipe mynethersdelight:chilidog_alt
com.google.gson.JsonSyntaxException: Unknown item 'farmersrespite:blazing_chili'
	at net.minecraft.world.item.crafting.ShapedRecipe.m_151280_(ShapedRecipe.java:292) ~[server-1.20.1-20230612.114412-srg.jar%23261!/:?]
	at java.util.Optional.orElseThrow(Optional.java:403) ~[?:?]
	at net.minecraft.world.item.crafting.ShapedRecipe.m_151278_(ShapedRecipe.java:291) ~[server-1.20.1-20230612.114412-srg.jar%23261!/:?]
	at net.minecraft.world.item.crafting.Ingredient.m_43919_(Ingredient.java:219) ~[server-1.20.1-20230612.114412-srg.jar%23261!/:?]
	at net.minecraftforge.common.crafting.VanillaIngredientSerializer.parse(VanillaIngredientSerializer.java:27) ~[forge-1.20.1-47.3.7-universal.jar%23266!/:?]
	at net.minecraftforge.common.crafting.CraftingHelper.getIngredient(CraftingHelper.java:148) ~[forge-1.20.1-47.3.7-universal.jar%23266!/:?]
	at net.minecraft.world.item.crafting.Ingredient.m_288218_(Ingredient.java:194) ~[server-1.20.1-20230612.114412-srg.jar%23261!/:?]
	at net.minecraft.world.item.crafting.ShapelessRecipe$Serializer.m_44275_(ShapelessRecipe.java:104) ~[server-1.20.1-20230612.114412-srg.jar%23261!/:?]
	at net.minecraft.world.item.crafting.ShapelessRecipe$Serializer.m_6729_(ShapelessRecipe.java:89) ~[server-1.20.1-20230612.114412-srg.jar%23261!/:?]
	at net.minecraft.world.item.crafting.ShapelessRecipe$Serializer.m_6729_(ShapelessRecipe.java:84) ~[server-1.20.1-20230612.114412-srg.jar%23261!/:?]
	at net.minecraftforge.common.extensions.IForgeRecipeSerializer.fromJson(IForgeRecipeSerializer.java:23) ~[forge-1.20.1-47.3.7-universal.jar%23266!/:?]
	at net.minecraft.world.item.crafting.RecipeManager.fromJson(RecipeManager.java:171) ~[server-1.20.1-20230612.114412-srg.jar%23261!/:?]
	at net.minecraft.world.item.crafting.RecipeManager.m_5787_(RecipeManager.java:67) ~[server-1.20.1-20230612.114412-srg.jar%23261!/:?]
	at net.minecraft.world.item.crafting.RecipeManager.m_5787_(RecipeManager.java:34) ~[server-1.20.1-20230612.114412-srg.jar%23261!/:?]
	at net.minecraft.server.packs.resources.SimplePreparableReloadListener.m_10789_(SimplePreparableReloadListener.java:13) ~[server-1.20.1-20230612.114412-srg.jar%23261!/:?]
	at java.util.concurrent.CompletableFuture$UniAccept.tryFire(CompletableFuture.java:718) ~[?:?]
	at java.util.concurrent.CompletableFuture$Completion.run(CompletableFuture.java:482) ~[?:?]
	at net.minecraft.server.packs.resources.SimpleReloadInstance.m_143940_(SimpleReloadInstance.java:69) ~[server-1.20.1-20230612.114412-srg.jar%23261!/:?]
	at net.minecraft.Util.m_214652_(Util.java:783) ~[server-1.20.1-20230612.114412-srg.jar%23261!/:?]
	at net.minecraft.Util.m_214679_(Util.java:772) ~[server-1.20.1-20230612.114412-srg.jar%23261!/:?]
	at net.minecraft.server.Main.main(Main.java:166) ~[server-1.20.1-20230612.114412-srg.jar%23261!/:?]
	at jdk.internal.reflect.NativeMethodAccessorImpl.invoke0(Native Method) ~[?:?]
	at jdk.internal.reflect.NativeMethodAccessorImpl.invoke(NativeMethodAccessorImpl.java:77) ~[?:?]
	at jdk.internal.reflect.DelegatingMethodAccessorImpl.invoke(DelegatingMethodAccessorImpl.java:43) ~[?:?]
	at java.lang.reflect.Method.invoke(Method.java:569) ~[?:?]
	at net.minecraftforge.fml.loading.targets.CommonLaunchHandler.runTarget(CommonLaunchHandler.java:111) ~[fmlloader-1.20.1-47.3.7.jar%2367!/:?]
	at net.minecraftforge.fml.loading.targets.CommonLaunchHandler.serverService(CommonLaunchHandler.java:103) ~[fmlloader-1.20.1-47.3.7.jar%2367!/:?]
	at net.minecraftforge.fml.loading.targets.CommonServerLaunchHandler.lambda$makeService$0(CommonServerLaunchHandler.java:27) ~[fmlloader-1.20.1-47.3.7.jar%2367!/:?]
	at cpw.mods.modlauncher.LaunchServiceHandlerDecorator.launch(LaunchServiceHandlerDecorator.java:30) ~[modlauncher-10.0.9.jar%2353!/:?]
	at cpw.mods.modlauncher.LaunchServiceHandler.launch(LaunchServiceHandler.java:53) ~[modlauncher-10.0.9.jar%2353!/:?]
	at cpw.mods.modlauncher.LaunchServiceHandler.launch(LaunchServiceHandler.java:71) ~[modlauncher-10.0.9.jar%2353!/:?]
	at cpw.mods.modlauncher.Launcher.run(Launcher.java:108) ~[modlauncher-10.0.9.jar%2353!/:?]
	at cpw.mods.modlauncher.Launcher.main(Launcher.java:78) ~[modlauncher-10.0.9.jar%2353!/:?]
	at cpw.mods.modlauncher.BootstrapLaunchConsumer.accept(BootstrapLaunchConsumer.java:26) ~[modlauncher-10.0.9.jar%2353!/:?]
	at cpw.mods.modlauncher.BootstrapLaunchConsumer.accept(BootstrapLaunchConsumer.java:23) ~[modlauncher-10.0.9.jar%2353!/:?]
	at cpw.mods.bootstraplauncher.BootstrapLauncher.main(BootstrapLauncher.java:141) ~[bootstraplauncher-1.1.2.jar:?]
[08Dec2025 18:05:19.654] [main/ERROR] [net.minecraft.world.item.crafting.RecipeManager/]: Parsing error loading recipe useless_sword:life_draining_sword_recipe
com.google.gson.JsonSyntaxException: Unknown item 'twilightforest:carminite'
	at net.minecraft.world.item.crafting.ShapedRecipe.m_151280_(ShapedRecipe.java:292) ~[server-1.20.1-20230612.114412-srg.jar%23261!/:?]
	at java.util.Optional.orElseThrow(Optional.java:403) ~[?:?]
	at net.minecraft.world.item.crafting.ShapedRecipe.m_151278_(ShapedRecipe.java:291) ~[server-1.20.1-20230612.114412-srg.jar%23261!/:?]
	at net.minecraft.world.item.crafting.Ingredient.m_43919_(Ingredient.java:219) ~[server-1.20.1-20230612.114412-srg.jar%23261!/:?]
	at net.minecraftforge.common.crafting.VanillaIngredientSerializer.parse(VanillaIngredientSerializer.java:27) ~[forge-1.20.1-47.3.7-universal.jar%23266!/:?]
	at net.minecraftforge.common.crafting.CraftingHelper.getIngredient(CraftingHelper.java:148) ~[forge-1.20.1-47.3.7-universal.jar%23266!/:?]
	at net.minecraft.world.item.crafting.Ingredient.m_288218_(Ingredient.java:194) ~[server-1.20.1-20230612.114412-srg.jar%23261!/:?]
	at net.minecraft.world.item.crafting.ShapedRecipe.m_44210_(ShapedRecipe.java:278) ~[server-1.20.1-20230612.114412-srg.jar%23261!/:?]
	at net.minecraft.world.item.crafting.ShapedRecipe$Serializer.m_6729_(ShapedRecipe.java:306) ~[server-1.20.1-20230612.114412-srg.jar%23261!/:?]
	at net.minecraft.world.item.crafting.ShapedRecipe$Serializer.m_6729_(ShapedRecipe.java:301) ~[server-1.20.1-20230612.114412-srg.jar%23261!/:?]
	at net.minecraftforge.common.extensions.IForgeRecipeSerializer.fromJson(IForgeRecipeSerializer.java:23) ~[forge-1.20.1-47.3.7-universal.jar%23266!/:?]
	at net.minecraft.world.item.crafting.RecipeManager.fromJson(RecipeManager.java:171) ~[server-1.20.1-20230612.114412-srg.jar%23261!/:?]
	at net.minecraft.world.item.crafting.RecipeManager.m_5787_(RecipeManager.java:67) ~[server-1.20.1-20230612.114412-srg.jar%23261!/:?]
	at net.minecraft.world.item.crafting.RecipeManager.m_5787_(RecipeManager.java:34) ~[server-1.20.1-20230612.114412-srg.jar%23261!/:?]
	at net.minecraft.server.packs.resources.SimplePreparableReloadListener.m_10789_(SimplePreparableReloadListener.java:13) ~[server-1.20.1-20230612.114412-srg.jar%23261!/:?]
	at java.util.concurrent.CompletableFuture$UniAccept.tryFire(CompletableFuture.java:718) ~[?:?]
	at java.util.concurrent.CompletableFuture$Completion.run(CompletableFuture.java:482) ~[?:?]
	at net.minecraft.server.packs.resources.SimpleReloadInstance.m_143940_(SimpleReloadInstance.java:69) ~[server-1.20.1-20230612.114412-srg.jar%23261!/:?]
	at net.minecraft.Util.m_214652_(Util.java:783) ~[server-1.20.1-20230612.114412-srg.jar%23261!/:?]
	at net.minecraft.Util.m_214679_(Util.java:772) ~[server-1.20.1-20230612.114412-srg.jar%23261!/:?]
	at net.minecraft.server.Main.main(Main.java:166) ~[server-1.20.1-20230612.114412-srg.jar%23261!/:?]
	at jdk.internal.reflect.NativeMethodAccessorImpl.invoke0(Native Method) ~[?:?]
	at jdk.internal.reflect.NativeMethodAccessorImpl.invoke(NativeMethodAccessorImpl.java:77) ~[?:?]
	at jdk.internal.reflect.DelegatingMethodAccessorImpl.invoke(DelegatingMethodAccessorImpl.java:43) ~[?:?]
	at java.lang.reflect.Method.invoke(Method.java:569) ~[?:?]
	at net.minecraftforge.fml.loading.targets.CommonLaunchHandler.runTarget(CommonLaunchHandler.java:111) ~[fmlloader-1.20.1-47.3.7.jar%2367!/:?]
	at net.minecraftforge.fml.loading.targets.CommonLaunchHandler.serverService(CommonLaunchHandler.java:103) ~[fmlloader-1.20.1-47.3.7.jar%2367!/:?]
	at net.minecraftforge.fml.loading.targets.CommonServerLaunchHandler.lambda$makeService$0(CommonServerLaunchHandler.java:27) ~[fmlloader-1.20.1-47.3.7.jar%2367!/:?]
	at cpw.mods.modlauncher.LaunchServiceHandlerDecorator.launch(LaunchServiceHandlerDecorator.java:30) ~[modlauncher-10.0.9.jar%2353!/:?]
	at cpw.mods.modlauncher.LaunchServiceHandler.launch(LaunchServiceHandler.java:53) ~[modlauncher-10.0.9.jar%2353!/:?]
	at cpw.mods.modlauncher.LaunchServiceHandler.launch(LaunchServiceHandler.java:71) ~[modlauncher-10.0.9.jar%2353!/:?]
	at cpw.mods.modlauncher.Launcher.run(Launcher.java:108) ~[modlauncher-10.0.9.jar%2353!/:?]
	at cpw.mods.modlauncher.Launcher.main(Launcher.java:78) ~[modlauncher-10.0.9.jar%2353!/:?]
	at cpw.mods.modlauncher.BootstrapLaunchConsumer.accept(BootstrapLaunchConsumer.java:26) ~[modlauncher-10.0.9.jar%2353!/:?]
	at cpw.mods.modlauncher.BootstrapLaunchConsumer.accept(BootstrapLaunchConsumer.java:23) ~[modlauncher-10.0.9.jar%2353!/:?]
	at cpw.mods.bootstraplauncher.BootstrapLauncher.main(BootstrapLauncher.java:141) ~[bootstraplauncher-1.1.2.jar:?]
[08Dec2025 18:05:19.681] [main/ERROR] [net.minecraft.world.item.crafting.RecipeManager/]: Parsing error loading recipe conditional:create/mixing/miss_lilitus_wine_mixing
com.google.gson.JsonSyntaxException: Unknown item 'vinery:dark_cherry'
	at net.minecraft.world.item.crafting.ShapedRecipe.m_151280_(ShapedRecipe.java:292) ~[server-1.20.1-20230612.114412-srg.jar%23261!/:?]
	at java.util.Optional.orElseThrow(Optional.java:403) ~[?:?]
	at net.minecraft.world.item.crafting.ShapedRecipe.m_151278_(ShapedRecipe.java:291) ~[server-1.20.1-20230612.114412-srg.jar%23261!/:?]
	at net.minecraft.world.item.crafting.Ingredient.m_43919_(Ingredient.java:219) ~[server-1.20.1-20230612.114412-srg.jar%23261!/:?]
	at net.minecraftforge.common.crafting.VanillaIngredientSerializer.parse(VanillaIngredientSerializer.java:27) ~[forge-1.20.1-47.3.7-universal.jar%23266!/:?]
	at net.minecraftforge.common.crafting.CraftingHelper.getIngredient(CraftingHelper.java:148) ~[forge-1.20.1-47.3.7-universal.jar%23266!/:?]
	at net.minecraft.world.item.crafting.Ingredient.m_288218_(Ingredient.java:194) ~[server-1.20.1-20230612.114412-srg.jar%23261!/:?]
	at net.minecraft.world.item.crafting.Ingredient.m_43917_(Ingredient.java:189) ~[server-1.20.1-20230612.114412-srg.jar%23261!/:?]
	at com.simibubi.create.content.processing.recipe.ProcessingRecipeSerializer.readFromJson(ProcessingRecipeSerializer.java:66) ~[create-1.20.1-6.0.8.jar%23197!/:6.0.8]
	at com.simibubi.create.content.processing.recipe.ProcessingRecipeSerializer.fromJson(ProcessingRecipeSerializer.java:154) ~[create-1.20.1-6.0.8.jar%23197!/:6.0.8]
	at com.simibubi.create.content.processing.recipe.ProcessingRecipeSerializer.m_6729_(ProcessingRecipeSerializer.java:21) ~[create-1.20.1-6.0.8.jar%23197!/:6.0.8]
	at net.minecraftforge.common.extensions.IForgeRecipeSerializer.fromJson(IForgeRecipeSerializer.java:23) ~[forge-1.20.1-47.3.7-universal.jar%23266!/:?]
	at net.minecraft.world.item.crafting.RecipeManager.fromJson(RecipeManager.java:171) ~[server-1.20.1-20230612.114412-srg.jar%23261!/:?]
	at net.minecraft.world.item.crafting.RecipeManager.m_44045_(RecipeManager.java:164) ~[server-1.20.1-20230612.114412-srg.jar%23261!/:?]
	at net.minecraftforge.common.crafting.ConditionalRecipe$Serializer.fromJson(ConditionalRecipe.java:57) ~[forge-1.20.1-47.3.7-universal.jar%23266!/:?]
	at net.minecraftforge.common.crafting.ConditionalRecipe$Serializer.m_6729_(ConditionalRecipe.java:43) ~[forge-1.20.1-47.3.7-universal.jar%23266!/:?]
	at de.cristelknight.doapi.forge.DoApiEPImpl.fromJson(DoApiEPImpl.java:42) ~[letsdo-API-forge-1.2.13-forge.jar%23217!/:?]
	at de.cristelknight.doapi.DoApiEP.fromJson(DoApiEP.java) ~[letsdo-API-forge-1.2.13-forge.jar%23217!/:?]
	at de.cristelknight.doapi.common.recipe.SimpleConditionalRecipe$Serializer.m_6729_(SimpleConditionalRecipe.java:22) ~[letsdo-API-forge-1.2.13-forge.jar%23217!/:?]
	at net.minecraftforge.common.extensions.IForgeRecipeSerializer.fromJson(IForgeRecipeSerializer.java:23) ~[forge-1.20.1-47.3.7-universal.jar%23266!/:?]
	at net.minecraft.world.item.crafting.RecipeManager.fromJson(RecipeManager.java:171) ~[server-1.20.1-20230612.114412-srg.jar%23261!/:?]
	at net.minecraft.world.item.crafting.RecipeManager.m_5787_(RecipeManager.java:67) ~[server-1.20.1-20230612.114412-srg.jar%23261!/:?]
	at net.minecraft.world.item.crafting.RecipeManager.m_5787_(RecipeManager.java:34) ~[server-1.20.1-20230612.114412-srg.jar%23261!/:?]
	at net.minecraft.server.packs.resources.SimplePreparableReloadListener.m_10789_(SimplePreparableReloadListener.java:13) ~[server-1.20.1-20230612.114412-srg.jar%23261!/:?]
	at java.util.concurrent.CompletableFuture$UniAccept.tryFire(CompletableFuture.java:718) ~[?:?]
	at java.util.concurrent.CompletableFuture$Completion.run(CompletableFuture.java:482) ~[?:?]
	at net.minecraft.server.packs.resources.SimpleReloadInstance.m_143940_(SimpleReloadInstance.java:69) ~[server-1.20.1-20230612.114412-srg.jar%23261!/:?]
	at net.minecraft.Util.m_214652_(Util.java:783) ~[server-1.20.1-20230612.114412-srg.jar%23261!/:?]
	at net.minecraft.Util.m_214679_(Util.java:772) ~[server-1.20.1-20230612.114412-srg.jar%23261!/:?]
	at net.minecraft.server.Main.main(Main.java:166) ~[server-1.20.1-20230612.114412-srg.jar%23261!/:?]
	at jdk.internal.reflect.NativeMethodAccessorImpl.invoke0(Native Method) ~[?:?]
	at jdk.internal.reflect.NativeMethodAccessorImpl.invoke(NativeMethodAccessorImpl.java:77) ~[?:?]
	at jdk.internal.reflect.DelegatingMethodAccessorImpl.invoke(DelegatingMethodAccessorImpl.java:43) ~[?:?]
	at java.lang.reflect.Method.invoke(Method.java:569) ~[?:?]
	at net.minecraftforge.fml.loading.targets.CommonLaunchHandler.runTarget(CommonLaunchHandler.java:111) ~[fmlloader-1.20.1-47.3.7.jar%2367!/:?]
	at net.minecraftforge.fml.loading.targets.CommonLaunchHandler.serverService(CommonLaunchHandler.java:103) ~[fmlloader-1.20.1-47.3.7.jar%2367!/:?]
	at net.minecraftforge.fml.loading.targets.CommonServerLaunchHandler.lambda$makeService$0(CommonServerLaunchHandler.java:27) ~[fmlloader-1.20.1-47.3.7.jar%2367!/:?]
	at cpw.mods.modlauncher.LaunchServiceHandlerDecorator.launch(LaunchServiceHandlerDecorator.java:30) ~[modlauncher-10.0.9.jar%2353!/:?]
	at cpw.mods.modlauncher.LaunchServiceHandler.launch(LaunchServiceHandler.java:53) ~[modlauncher-10.0.9.jar%2353!/:?]
	at cpw.mods.modlauncher.LaunchServiceHandler.launch(LaunchServiceHandler.java:71) ~[modlauncher-10.0.9.jar%2353!/:?]
	at cpw.mods.modlauncher.Launcher.run(Launcher.java:108) ~[modlauncher-10.0.9.jar%2353!/:?]
	at cpw.mods.modlauncher.Launcher.main(Launcher.java:78) ~[modlauncher-10.0.9.jar%2353!/:?]
	at cpw.mods.modlauncher.BootstrapLaunchConsumer.accept(BootstrapLaunchConsumer.java:26) ~[modlauncher-10.0.9.jar%2353!/:?]
	at cpw.mods.modlauncher.BootstrapLaunchConsumer.accept(BootstrapLaunchConsumer.java:23) ~[modlauncher-10.0.9.jar%2353!/:?]
	at cpw.mods.bootstraplauncher.BootstrapLauncher.main(BootstrapLauncher.java:141) ~[bootstraplauncher-1.1.2.jar:?]
[08Dec2025 18:05:19.705] [main/ERROR] [net.minecraft.world.item.crafting.RecipeManager/]: Parsing error loading recipe cozy_home:drawer_quartz_recipe
com.google.gson.JsonSyntaxException: Unknown item 'cozy_home:deleted_mod_element'
	at net.minecraftforge.common.crafting.CraftingHelper.getItem(CraftingHelper.java:160) ~[forge-1.20.1-47.3.7-universal.jar%23266!/:?]
	at net.minecraftforge.common.crafting.CraftingHelper.getItemStack(CraftingHelper.java:186) ~[forge-1.20.1-47.3.7-universal.jar%23266!/:?]
	at net.minecraft.world.item.crafting.ShapedRecipe.m_151274_(ShapedRecipe.java:286) ~[server-1.20.1-20230612.114412-srg.jar%23261!/:?]
	at net.minecraft.world.item.crafting.ShapedRecipe$Serializer.m_6729_(ShapedRecipe.java:311) ~[server-1.20.1-20230612.114412-srg.jar%23261!/:?]
	at net.minecraft.world.item.crafting.ShapedRecipe$Serializer.m_6729_(ShapedRecipe.java:301) ~[server-1.20.1-20230612.114412-srg.jar%23261!/:?]
	at net.minecraftforge.common.extensions.IForgeRecipeSerializer.fromJson(IForgeRecipeSerializer.java:23) ~[forge-1.20.1-47.3.7-universal.jar%23266!/:?]
	at net.minecraft.world.item.crafting.RecipeManager.fromJson(RecipeManager.java:171) ~[server-1.20.1-20230612.114412-srg.jar%23261!/:?]
	at net.minecraft.world.item.crafting.RecipeManager.m_5787_(RecipeManager.java:67) ~[server-1.20.1-20230612.114412-srg.jar%23261!/:?]
	at net.minecraft.world.item.crafting.RecipeManager.m_5787_(RecipeManager.java:34) ~[server-1.20.1-20230612.114412-srg.jar%23261!/:?]
	at net.minecraft.server.packs.resources.SimplePreparableReloadListener.m_10789_(SimplePreparableReloadListener.java:13) ~[server-1.20.1-20230612.114412-srg.jar%23261!/:?]
	at java.util.concurrent.CompletableFuture$UniAccept.tryFire(CompletableFuture.java:718) ~[?:?]
	at java.util.concurrent.CompletableFuture$Completion.run(CompletableFuture.java:482) ~[?:?]
	at net.minecraft.server.packs.resources.SimpleReloadInstance.m_143940_(SimpleReloadInstance.java:69) ~[server-1.20.1-20230612.114412-srg.jar%23261!/:?]
	at net.minecraft.Util.m_214652_(Util.java:783) ~[server-1.20.1-20230612.114412-srg.jar%23261!/:?]
	at net.minecraft.Util.m_214679_(Util.java:772) ~[server-1.20.1-20230612.114412-srg.jar%23261!/:?]
	at net.minecraft.server.Main.main(Main.java:166) ~[server-1.20.1-20230612.114412-srg.jar%23261!/:?]
	at jdk.internal.reflect.NativeMethodAccessorImpl.invoke0(Native Method) ~[?:?]
	at jdk.internal.reflect.NativeMethodAccessorImpl.invoke(NativeMethodAccessorImpl.java:77) ~[?:?]
	at jdk.internal.reflect.DelegatingMethodAccessorImpl.invoke(DelegatingMethodAccessorImpl.java:43) ~[?:?]
	at java.lang.reflect.Method.invoke(Method.java:569) ~[?:?]
	at net.minecraftforge.fml.loading.targets.CommonLaunchHandler.runTarget(CommonLaunchHandler.java:111) ~[fmlloader-1.20.1-47.3.7.jar%2367!/:?]
	at net.minecraftforge.fml.loading.targets.CommonLaunchHandler.serverService(CommonLaunchHandler.java:103) ~[fmlloader-1.20.1-47.3.7.jar%2367!/:?]
	at net.minecraftforge.fml.loading.targets.CommonServerLaunchHandler.lambda$makeService$0(CommonServerLaunchHandler.java:27) ~[fmlloader-1.20.1-47.3.7.jar%2367!/:?]
	at cpw.mods.modlauncher.LaunchServiceHandlerDecorator.launch(LaunchServiceHandlerDecorator.java:30) ~[modlauncher-10.0.9.jar%2353!/:?]
	at cpw.mods.modlauncher.LaunchServiceHandler.launch(LaunchServiceHandler.java:53) ~[modlauncher-10.0.9.jar%2353!/:?]
	at cpw.mods.modlauncher.LaunchServiceHandler.launch(LaunchServiceHandler.java:71) ~[modlauncher-10.0.9.jar%2353!/:?]
	at cpw.mods.modlauncher.Launcher.run(Launcher.java:108) ~[modlauncher-10.0.9.jar%2353!/:?]
	at cpw.mods.modlauncher.Launcher.main(Launcher.java:78) ~[modlauncher-10.0.9.jar%2353!/:?]
	at cpw.mods.modlauncher.BootstrapLaunchConsumer.accept(BootstrapLaunchConsumer.java:26) ~[modlauncher-10.0.9.jar%2353!/:?]
	at cpw.mods.modlauncher.BootstrapLaunchConsumer.accept(BootstrapLaunchConsumer.java:23) ~[modlauncher-10.0.9.jar%2353!/:?]
	at cpw.mods.bootstraplauncher.BootstrapLauncher.main(BootstrapLauncher.java:141) ~[bootstraplauncher-1.1.2.jar:?]
[08Dec2025 18:05:19.706] [main/ERROR] [net.minecraft.world.item.crafting.RecipeManager/]: Parsing error loading recipe useless_sword:naga_slicer_recipe
com.google.gson.JsonSyntaxException: Unknown item 'twilightforest:naga_scale'
	at net.minecraft.world.item.crafting.ShapedRecipe.m_151280_(ShapedRecipe.java:292) ~[server-1.20.1-20230612.114412-srg.jar%23261!/:?]
	at java.util.Optional.orElseThrow(Optional.java:403) ~[?:?]
	at net.minecraft.world.item.crafting.ShapedRecipe.m_151278_(ShapedRecipe.java:291) ~[server-1.20.1-20230612.114412-srg.jar%23261!/:?]
	at net.minecraft.world.item.crafting.Ingredient.m_43919_(Ingredient.java:219) ~[server-1.20.1-20230612.114412-srg.jar%23261!/:?]
	at net.minecraftforge.common.crafting.VanillaIngredientSerializer.parse(VanillaIngredientSerializer.java:27) ~[forge-1.20.1-47.3.7-universal.jar%23266!/:?]
	at net.minecraftforge.common.crafting.CraftingHelper.getIngredient(CraftingHelper.java:148) ~[forge-1.20.1-47.3.7-universal.jar%23266!/:?]
	at net.minecraft.world.item.crafting.Ingredient.m_288218_(Ingredient.java:194) ~[server-1.20.1-20230612.114412-srg.jar%23261!/:?]
	at net.minecraft.world.item.crafting.ShapedRecipe.m_44210_(ShapedRecipe.java:278) ~[server-1.20.1-20230612.114412-srg.jar%23261!/:?]
	at net.minecraft.world.item.crafting.ShapedRecipe$Serializer.m_6729_(ShapedRecipe.java:306) ~[server-1.20.1-20230612.114412-srg.jar%23261!/:?]
	at net.minecraft.world.item.crafting.ShapedRecipe$Serializer.m_6729_(ShapedRecipe.java:301) ~[server-1.20.1-20230612.114412-srg.jar%23261!/:?]
	at net.minecraftforge.common.extensions.IForgeRecipeSerializer.fromJson(IForgeRecipeSerializer.java:23) ~[forge-1.20.1-47.3.7-universal.jar%23266!/:?]
	at net.minecraft.world.item.crafting.RecipeManager.fromJson(RecipeManager.java:171) ~[server-1.20.1-20230612.114412-srg.jar%23261!/:?]
	at net.minecraft.world.item.crafting.RecipeManager.m_5787_(RecipeManager.java:67) ~[server-1.20.1-20230612.114412-srg.jar%23261!/:?]
	at net.minecraft.world.item.crafting.RecipeManager.m_5787_(RecipeManager.java:34) ~[server-1.20.1-20230612.114412-srg.jar%23261!/:?]
	at net.minecraft.server.packs.resources.SimplePreparableReloadListener.m_10789_(SimplePreparableReloadListener.java:13) ~[server-1.20.1-20230612.114412-srg.jar%23261!/:?]
	at java.util.concurrent.CompletableFuture$UniAccept.tryFire(CompletableFuture.java:718) ~[?:?]
	at java.util.concurrent.CompletableFuture$Completion.run(CompletableFuture.java:482) ~[?:?]
	at net.minecraft.server.packs.resources.SimpleReloadInstance.m_143940_(SimpleReloadInstance.java:69) ~[server-1.20.1-20230612.114412-srg.jar%23261!/:?]
	at net.minecraft.Util.m_214652_(Util.java:783) ~[server-1.20.1-20230612.114412-srg.jar%23261!/:?]
	at net.minecraft.Util.m_214679_(Util.java:772) ~[server-1.20.1-20230612.114412-srg.jar%23261!/:?]
	at net.minecraft.server.Main.main(Main.java:166) ~[server-1.20.1-20230612.114412-srg.jar%23261!/:?]
	at jdk.internal.reflect.NativeMethodAccessorImpl.invoke0(Native Method) ~[?:?]
	at jdk.internal.reflect.NativeMethodAccessorImpl.invoke(NativeMethodAccessorImpl.java:77) ~[?:?]
	at jdk.internal.reflect.DelegatingMethodAccessorImpl.invoke(DelegatingMethodAccessorImpl.java:43) ~[?:?]
	at java.lang.reflect.Method.invoke(Method.java:569) ~[?:?]
	at net.minecraftforge.fml.loading.targets.CommonLaunchHandler.runTarget(CommonLaunchHandler.java:111) ~[fmlloader-1.20.1-47.3.7.jar%2367!/:?]
	at net.minecraftforge.fml.loading.targets.CommonLaunchHandler.serverService(CommonLaunchHandler.java:103) ~[fmlloader-1.20.1-47.3.7.jar%2367!/:?]
	at net.minecraftforge.fml.loading.targets.CommonServerLaunchHandler.lambda$makeService$0(CommonServerLaunchHandler.java:27) ~[fmlloader-1.20.1-47.3.7.jar%2367!/:?]
	at cpw.mods.modlauncher.LaunchServiceHandlerDecorator.launch(LaunchServiceHandlerDecorator.java:30) ~[modlauncher-10.0.9.jar%2353!/:?]
	at cpw.mods.modlauncher.LaunchServiceHandler.launch(LaunchServiceHandler.java:53) ~[modlauncher-10.0.9.jar%2353!/:?]
	at cpw.mods.modlauncher.LaunchServiceHandler.launch(LaunchServiceHandler.java:71) ~[modlauncher-10.0.9.jar%2353!/:?]
	at cpw.mods.modlauncher.Launcher.run(Launcher.java:108) ~[modlauncher-10.0.9.jar%2353!/:?]
	at cpw.mods.modlauncher.Launcher.main(Launcher.java:78) ~[modlauncher-10.0.9.jar%2353!/:?]
	at cpw.mods.modlauncher.BootstrapLaunchConsumer.accept(BootstrapLaunchConsumer.java:26) ~[modlauncher-10.0.9.jar%2353!/:?]
	at cpw.mods.modlauncher.BootstrapLaunchConsumer.accept(BootstrapLaunchConsumer.java:23) ~[modlauncher-10.0.9.jar%2353!/:?]
	at cpw.mods.bootstraplauncher.BootstrapLauncher.main(BootstrapLauncher.java:141) ~[bootstraplauncher-1.1.2.jar:?]
[08Dec2025 18:05:19.747] [main/ERROR] [net.minecraft.world.item.crafting.RecipeManager/]: Parsing error loading recipe useless_sword:tooth_glaive_recipe
com.google.gson.JsonSyntaxException: Unknown item 'alexsmobs:cachalot_whale_tooth'
	at net.minecraft.world.item.crafting.ShapedRecipe.m_151280_(ShapedRecipe.java:292) ~[server-1.20.1-20230612.114412-srg.jar%23261!/:?]
	at java.util.Optional.orElseThrow(Optional.java:403) ~[?:?]
	at net.minecraft.world.item.crafting.ShapedRecipe.m_151278_(ShapedRecipe.java:291) ~[server-1.20.1-20230612.114412-srg.jar%23261!/:?]
	at net.minecraft.world.item.crafting.Ingredient.m_43919_(Ingredient.java:219) ~[server-1.20.1-20230612.114412-srg.jar%23261!/:?]
	at net.minecraftforge.common.crafting.VanillaIngredientSerializer.parse(VanillaIngredientSerializer.java:27) ~[forge-1.20.1-47.3.7-universal.jar%23266!/:?]
	at net.minecraftforge.common.crafting.CraftingHelper.getIngredient(CraftingHelper.java:148) ~[forge-1.20.1-47.3.7-universal.jar%23266!/:?]
	at net.minecraft.world.item.crafting.Ingredient.m_288218_(Ingredient.java:194) ~[server-1.20.1-20230612.114412-srg.jar%23261!/:?]
	at net.minecraft.world.item.crafting.ShapedRecipe.m_44210_(ShapedRecipe.java:278) ~[server-1.20.1-20230612.114412-srg.jar%23261!/:?]
	at net.minecraft.world.item.crafting.ShapedRecipe$Serializer.m_6729_(ShapedRecipe.java:306) ~[server-1.20.1-20230612.114412-srg.jar%23261!/:?]
	at net.minecraft.world.item.crafting.ShapedRecipe$Serializer.m_6729_(ShapedRecipe.java:301) ~[server-1.20.1-20230612.114412-srg.jar%23261!/:?]
	at net.minecraftforge.common.extensions.IForgeRecipeSerializer.fromJson(IForgeRecipeSerializer.java:23) ~[forge-1.20.1-47.3.7-universal.jar%23266!/:?]
	at net.minecraft.world.item.crafting.RecipeManager.fromJson(RecipeManager.java:171) ~[server-1.20.1-20230612.114412-srg.jar%23261!/:?]
	at net.minecraft.world.item.crafting.RecipeManager.m_5787_(RecipeManager.java:67) ~[server-1.20.1-20230612.114412-srg.jar%23261!/:?]
	at net.minecraft.world.item.crafting.RecipeManager.m_5787_(RecipeManager.java:34) ~[server-1.20.1-20230612.114412-srg.jar%23261!/:?]
	at net.minecraft.server.packs.resources.SimplePreparableReloadListener.m_10789_(SimplePreparableReloadListener.java:13) ~[server-1.20.1-20230612.114412-srg.jar%23261!/:?]
	at java.util.concurrent.CompletableFuture$UniAccept.tryFire(CompletableFuture.java:718) ~[?:?]
	at java.util.concurrent.CompletableFuture$Completion.run(CompletableFuture.java:482) ~[?:?]
	at net.minecraft.server.packs.resources.SimpleReloadInstance.m_143940_(SimpleReloadInstance.java:69) ~[server-1.20.1-20230612.114412-srg.jar%23261!/:?]
	at net.minecraft.Util.m_214652_(Util.java:783) ~[server-1.20.1-20230612.114412-srg.jar%23261!/:?]
	at net.minecraft.Util.m_214679_(Util.java:772) ~[server-1.20.1-20230612.114412-srg.jar%23261!/:?]
	at net.minecraft.server.Main.main(Main.java:166) ~[server-1.20.1-20230612.114412-srg.jar%23261!/:?]
	at jdk.internal.reflect.NativeMethodAccessorImpl.invoke0(Native Method) ~[?:?]
	at jdk.internal.reflect.NativeMethodAccessorImpl.invoke(NativeMethodAccessorImpl.java:77) ~[?:?]
	at jdk.internal.reflect.DelegatingMethodAccessorImpl.invoke(DelegatingMethodAccessorImpl.java:43) ~[?:?]
	at java.lang.reflect.Method.invoke(Method.java:569) ~[?:?]
	at net.minecraftforge.fml.loading.targets.CommonLaunchHandler.runTarget(CommonLaunchHandler.java:111) ~[fmlloader-1.20.1-47.3.7.jar%2367!/:?]
	at net.minecraftforge.fml.loading.targets.CommonLaunchHandler.serverService(CommonLaunchHandler.java:103) ~[fmlloader-1.20.1-47.3.7.jar%2367!/:?]
	at net.minecraftforge.fml.loading.targets.CommonServerLaunchHandler.lambda$makeService$0(CommonServerLaunchHandler.java:27) ~[fmlloader-1.20.1-47.3.7.jar%2367!/:?]
	at cpw.mods.modlauncher.LaunchServiceHandlerDecorator.launch(LaunchServiceHandlerDecorator.java:30) ~[modlauncher-10.0.9.jar%2353!/:?]
	at cpw.mods.modlauncher.LaunchServiceHandler.launch(LaunchServiceHandler.java:53) ~[modlauncher-10.0.9.jar%2353!/:?]
	at cpw.mods.modlauncher.LaunchServiceHandler.launch(LaunchServiceHandler.java:71) ~[modlauncher-10.0.9.jar%2353!/:?]
	at cpw.mods.modlauncher.Launcher.run(Launcher.java:108) ~[modlauncher-10.0.9.jar%2353!/:?]
	at cpw.mods.modlauncher.Launcher.main(Launcher.java:78) ~[modlauncher-10.0.9.jar%2353!/:?]
	at cpw.mods.modlauncher.BootstrapLaunchConsumer.accept(BootstrapLaunchConsumer.java:26) ~[modlauncher-10.0.9.jar%2353!/:?]
	at cpw.mods.modlauncher.BootstrapLaunchConsumer.accept(BootstrapLaunchConsumer.java:23) ~[modlauncher-10.0.9.jar%2353!/:?]
	at cpw.mods.bootstraplauncher.BootstrapLauncher.main(BootstrapLauncher.java:141) ~[bootstraplauncher-1.1.2.jar:?]
[08Dec2025 18:05:19.755] [main/ERROR] [net.minecraft.world.item.crafting.RecipeManager/]: Parsing error loading recipe cozy_home:andesite_brick_to_block_recipe
com.google.gson.JsonSyntaxException: Unknown item 'cozy_home:andesite_brick'
	at net.minecraft.world.item.crafting.ShapedRecipe.m_151280_(ShapedRecipe.java:292) ~[server-1.20.1-20230612.114412-srg.jar%23261!/:?]
	at java.util.Optional.orElseThrow(Optional.java:403) ~[?:?]
	at net.minecraft.world.item.crafting.ShapedRecipe.m_151278_(ShapedRecipe.java:291) ~[server-1.20.1-20230612.114412-srg.jar%23261!/:?]
	at net.minecraft.world.item.crafting.Ingredient.m_43919_(Ingredient.java:219) ~[server-1.20.1-20230612.114412-srg.jar%23261!/:?]
	at net.minecraftforge.common.crafting.VanillaIngredientSerializer.parse(VanillaIngredientSerializer.java:27) ~[forge-1.20.1-47.3.7-universal.jar%23266!/:?]
	at net.minecraftforge.common.crafting.CraftingHelper.getIngredient(CraftingHelper.java:148) ~[forge-1.20.1-47.3.7-universal.jar%23266!/:?]
	at net.minecraft.world.item.crafting.Ingredient.m_288218_(Ingredient.java:194) ~[server-1.20.1-20230612.114412-srg.jar%23261!/:?]
	at net.minecraft.world.item.crafting.ShapedRecipe.m_44210_(ShapedRecipe.java:278) ~[server-1.20.1-20230612.114412-srg.jar%23261!/:?]
	at net.minecraft.world.item.crafting.ShapedRecipe$Serializer.m_6729_(ShapedRecipe.java:306) ~[server-1.20.1-20230612.114412-srg.jar%23261!/:?]
	at net.minecraft.world.item.crafting.ShapedRecipe$Serializer.m_6729_(ShapedRecipe.java:301) ~[server-1.20.1-20230612.114412-srg.jar%23261!/:?]
	at net.minecraftforge.common.extensions.IForgeRecipeSerializer.fromJson(IForgeRecipeSerializer.java:23) ~[forge-1.20.1-47.3.7-universal.jar%23266!/:?]
	at net.minecraft.world.item.crafting.RecipeManager.fromJson(RecipeManager.java:171) ~[server-1.20.1-20230612.114412-srg.jar%23261!/:?]
	at net.minecraft.world.item.crafting.RecipeManager.m_5787_(RecipeManager.java:67) ~[server-1.20.1-20230612.114412-srg.jar%23261!/:?]
	at net.minecraft.world.item.crafting.RecipeManager.m_5787_(RecipeManager.java:34) ~[server-1.20.1-20230612.114412-srg.jar%23261!/:?]
	at net.minecraft.server.packs.resources.SimplePreparableReloadListener.m_10789_(SimplePreparableReloadListener.java:13) ~[server-1.20.1-20230612.114412-srg.jar%23261!/:?]
	at java.util.concurrent.CompletableFuture$UniAccept.tryFire(CompletableFuture.java:718) ~[?:?]
	at java.util.concurrent.CompletableFuture$Completion.run(CompletableFuture.java:482) ~[?:?]
	at net.minecraft.server.packs.resources.SimpleReloadInstance.m_143940_(SimpleReloadInstance.java:69) ~[server-1.20.1-20230612.114412-srg.jar%23261!/:?]
	at net.minecraft.Util.m_214652_(Util.java:783) ~[server-1.20.1-20230612.114412-srg.jar%23261!/:?]
	at net.minecraft.Util.m_214679_(Util.java:772) ~[server-1.20.1-20230612.114412-srg.jar%23261!/:?]
	at net.minecraft.server.Main.main(Main.java:166) ~[server-1.20.1-20230612.114412-srg.jar%23261!/:?]
	at jdk.internal.reflect.NativeMethodAccessorImpl.invoke0(Native Method) ~[?:?]
	at jdk.internal.reflect.NativeMethodAccessorImpl.invoke(NativeMethodAccessorImpl.java:77) ~[?:?]
	at jdk.internal.reflect.DelegatingMethodAccessorImpl.invoke(DelegatingMethodAccessorImpl.java:43) ~[?:?]
	at java.lang.reflect.Method.invoke(Method.java:569) ~[?:?]
	at net.minecraftforge.fml.loading.targets.CommonLaunchHandler.runTarget(CommonLaunchHandler.java:111) ~[fmlloader-1.20.1-47.3.7.jar%2367!/:?]
	at net.minecraftforge.fml.loading.targets.CommonLaunchHandler.serverService(CommonLaunchHandler.java:103) ~[fmlloader-1.20.1-47.3.7.jar%2367!/:?]
	at net.minecraftforge.fml.loading.targets.CommonServerLaunchHandler.lambda$makeService$0(CommonServerLaunchHandler.java:27) ~[fmlloader-1.20.1-47.3.7.jar%2367!/:?]
	at cpw.mods.modlauncher.LaunchServiceHandlerDecorator.launch(LaunchServiceHandlerDecorator.java:30) ~[modlauncher-10.0.9.jar%2353!/:?]
	at cpw.mods.modlauncher.LaunchServiceHandler.launch(LaunchServiceHandler.java:53) ~[modlauncher-10.0.9.jar%2353!/:?]
	at cpw.mods.modlauncher.LaunchServiceHandler.launch(LaunchServiceHandler.java:71) ~[modlauncher-10.0.9.jar%2353!/:?]
	at cpw.mods.modlauncher.Launcher.run(Launcher.java:108) ~[modlauncher-10.0.9.jar%2353!/:?]
	at cpw.mods.modlauncher.Launcher.main(Launcher.java:78) ~[modlauncher-10.0.9.jar%2353!/:?]
	at cpw.mods.modlauncher.BootstrapLaunchConsumer.accept(BootstrapLaunchConsumer.java:26) ~[modlauncher-10.0.9.jar%2353!/:?]
	at cpw.mods.modlauncher.BootstrapLaunchConsumer.accept(BootstrapLaunchConsumer.java:23) ~[modlauncher-10.0.9.jar%2353!/:?]
	at cpw.mods.bootstraplauncher.BootstrapLauncher.main(BootstrapLauncher.java:141) ~[bootstraplauncher-1.1.2.jar:?]
[08Dec2025 18:05:19.780] [main/ERROR] [net.minecraft.world.item.crafting.RecipeManager/]: Parsing error loading recipe cozy_home:spruce_fireplace_recipe
com.google.gson.JsonSyntaxException: Unknown item 'cozy_home:plank_spruce_0'
	at net.minecraft.world.item.crafting.ShapedRecipe.m_151280_(ShapedRecipe.java:292) ~[server-1.20.1-20230612.114412-srg.jar%23261!/:?]
	at java.util.Optional.orElseThrow(Optional.java:403) ~[?:?]
	at net.minecraft.world.item.crafting.ShapedRecipe.m_151278_(ShapedRecipe.java:291) ~[server-1.20.1-20230612.114412-srg.jar%23261!/:?]
	at net.minecraft.world.item.crafting.Ingredient.m_43919_(Ingredient.java:219) ~[server-1.20.1-20230612.114412-srg.jar%23261!/:?]
	at net.minecraftforge.common.crafting.VanillaIngredientSerializer.parse(VanillaIngredientSerializer.java:27) ~[forge-1.20.1-47.3.7-universal.jar%23266!/:?]
	at net.minecraftforge.common.crafting.CraftingHelper.getIngredient(CraftingHelper.java:148) ~[forge-1.20.1-47.3.7-universal.jar%23266!/:?]
	at net.minecraft.world.item.crafting.Ingredient.m_288218_(Ingredient.java:194) ~[server-1.20.1-20230612.114412-srg.jar%23261!/:?]
	at net.minecraft.world.item.crafting.ShapedRecipe.m_44210_(ShapedRecipe.java:278) ~[server-1.20.1-20230612.114412-srg.jar%23261!/:?]
	at net.minecraft.world.item.crafting.ShapedRecipe$Serializer.m_6729_(ShapedRecipe.java:306) ~[server-1.20.1-20230612.114412-srg.jar%23261!/:?]
	at net.minecraft.world.item.crafting.ShapedRecipe$Serializer.m_6729_(ShapedRecipe.java:301) ~[server-1.20.1-20230612.114412-srg.jar%23261!/:?]
	at net.minecraftforge.common.extensions.IForgeRecipeSerializer.fromJson(IForgeRecipeSerializer.java:23) ~[forge-1.20.1-47.3.7-universal.jar%23266!/:?]
	at net.minecraft.world.item.crafting.RecipeManager.fromJson(RecipeManager.java:171) ~[server-1.20.1-20230612.114412-srg.jar%23261!/:?]
	at net.minecraft.world.item.crafting.RecipeManager.m_5787_(RecipeManager.java:67) ~[server-1.20.1-20230612.114412-srg.jar%23261!/:?]
	at net.minecraft.world.item.crafting.RecipeManager.m_5787_(RecipeManager.java:34) ~[server-1.20.1-20230612.114412-srg.jar%23261!/:?]
	at net.minecraft.server.packs.resources.SimplePreparableReloadListener.m_10789_(SimplePreparableReloadListener.java:13) ~[server-1.20.1-20230612.114412-srg.jar%23261!/:?]
	at java.util.concurrent.CompletableFuture$UniAccept.tryFire(CompletableFuture.java:718) ~[?:?]
	at java.util.concurrent.CompletableFuture$Completion.run(CompletableFuture.java:482) ~[?:?]
	at net.minecraft.server.packs.resources.SimpleReloadInstance.m_143940_(SimpleReloadInstance.java:69) ~[server-1.20.1-20230612.114412-srg.jar%23261!/:?]
	at net.minecraft.Util.m_214652_(Util.java:783) ~[server-1.20.1-20230612.114412-srg.jar%23261!/:?]
	at net.minecraft.Util.m_214679_(Util.java:772) ~[server-1.20.1-20230612.114412-srg.jar%23261!/:?]
	at net.minecraft.server.Main.main(Main.java:166) ~[server-1.20.1-20230612.114412-srg.jar%23261!/:?]
	at jdk.internal.reflect.NativeMethodAccessorImpl.invoke0(Native Method) ~[?:?]
	at jdk.internal.reflect.NativeMethodAccessorImpl.invoke(NativeMethodAccessorImpl.java:77) ~[?:?]
	at jdk.internal.reflect.DelegatingMethodAccessorImpl.invoke(DelegatingMethodAccessorImpl.java:43) ~[?:?]
	at java.lang.reflect.Method.invoke(Method.java:569) ~[?:?]
	at net.minecraftforge.fml.loading.targets.CommonLaunchHandler.runTarget(CommonLaunchHandler.java:111) ~[fmlloader-1.20.1-47.3.7.jar%2367!/:?]
	at net.minecraftforge.fml.loading.targets.CommonLaunchHandler.serverService(CommonLaunchHandler.java:103) ~[fmlloader-1.20.1-47.3.7.jar%2367!/:?]
	at net.minecraftforge.fml.loading.targets.CommonServerLaunchHandler.lambda$makeService$0(CommonServerLaunchHandler.java:27) ~[fmlloader-1.20.1-47.3.7.jar%2367!/:?]
	at cpw.mods.modlauncher.LaunchServiceHandlerDecorator.launch(LaunchServiceHandlerDecorator.java:30) ~[modlauncher-10.0.9.jar%2353!/:?]
	at cpw.mods.modlauncher.LaunchServiceHandler.launch(LaunchServiceHandler.java:53) ~[modlauncher-10.0.9.jar%2353!/:?]
	at cpw.mods.modlauncher.LaunchServiceHandler.launch(LaunchServiceHandler.java:71) ~[modlauncher-10.0.9.jar%2353!/:?]
	at cpw.mods.modlauncher.Launcher.run(Launcher.java:108) ~[modlauncher-10.0.9.jar%2353!/:?]
	at cpw.mods.modlauncher.Launcher.main(Launcher.java:78) ~[modlauncher-10.0.9.jar%2353!/:?]
	at cpw.mods.modlauncher.BootstrapLaunchConsumer.accept(BootstrapLaunchConsumer.java:26) ~[modlauncher-10.0.9.jar%2353!/:?]
	at cpw.mods.modlauncher.BootstrapLaunchConsumer.accept(BootstrapLaunchConsumer.java:23) ~[modlauncher-10.0.9.jar%2353!/:?]
	at cpw.mods.bootstraplauncher.BootstrapLauncher.main(BootstrapLauncher.java:141) ~[bootstraplauncher-1.1.2.jar:?]
[08Dec2025 18:05:19.784] [main/ERROR] [net.minecraft.world.item.crafting.RecipeManager/]: Parsing error loading recipe useless_sword:rotten_fish_rapier_recipe
com.google.gson.JsonSyntaxException: Unknown item 'aquaculture:fish_bones'
	at net.minecraft.world.item.crafting.ShapedRecipe.m_151280_(ShapedRecipe.java:292) ~[server-1.20.1-20230612.114412-srg.jar%23261!/:?]
	at java.util.Optional.orElseThrow(Optional.java:403) ~[?:?]
	at net.minecraft.world.item.crafting.ShapedRecipe.m_151278_(ShapedRecipe.java:291) ~[server-1.20.1-20230612.114412-srg.jar%23261!/:?]
	at net.minecraft.world.item.crafting.Ingredient.m_43919_(Ingredient.java:219) ~[server-1.20.1-20230612.114412-srg.jar%23261!/:?]
	at net.minecraftforge.common.crafting.VanillaIngredientSerializer.parse(VanillaIngredientSerializer.java:27) ~[forge-1.20.1-47.3.7-universal.jar%23266!/:?]
	at net.minecraftforge.common.crafting.CraftingHelper.getIngredient(CraftingHelper.java:148) ~[forge-1.20.1-47.3.7-universal.jar%23266!/:?]
	at net.minecraft.world.item.crafting.Ingredient.m_288218_(Ingredient.java:194) ~[server-1.20.1-20230612.114412-srg.jar%23261!/:?]
	at net.minecraft.world.item.crafting.ShapedRecipe.m_44210_(ShapedRecipe.java:278) ~[server-1.20.1-20230612.114412-srg.jar%23261!/:?]
	at net.minecraft.world.item.crafting.ShapedRecipe$Serializer.m_6729_(ShapedRecipe.java:306) ~[server-1.20.1-20230612.114412-srg.jar%23261!/:?]
	at net.minecraft.world.item.crafting.ShapedRecipe$Serializer.m_6729_(ShapedRecipe.java:301) ~[server-1.20.1-20230612.114412-srg.jar%23261!/:?]
	at net.minecraftforge.common.extensions.IForgeRecipeSerializer.fromJson(IForgeRecipeSerializer.java:23) ~[forge-1.20.1-47.3.7-universal.jar%23266!/:?]
	at net.minecraft.world.item.crafting.RecipeManager.fromJson(RecipeManager.java:171) ~[server-1.20.1-20230612.114412-srg.jar%23261!/:?]
	at net.minecraft.world.item.crafting.RecipeManager.m_5787_(RecipeManager.java:67) ~[server-1.20.1-20230612.114412-srg.jar%23261!/:?]
	at net.minecraft.world.item.crafting.RecipeManager.m_5787_(RecipeManager.java:34) ~[server-1.20.1-20230612.114412-srg.jar%23261!/:?]
	at net.minecraft.server.packs.resources.SimplePreparableReloadListener.m_10789_(SimplePreparableReloadListener.java:13) ~[server-1.20.1-20230612.114412-srg.jar%23261!/:?]
	at java.util.concurrent.CompletableFuture$UniAccept.tryFire(CompletableFuture.java:718) ~[?:?]
	at java.util.concurrent.CompletableFuture$Completion.run(CompletableFuture.java:482) ~[?:?]
	at net.minecraft.server.packs.resources.SimpleReloadInstance.m_143940_(SimpleReloadInstance.java:69) ~[server-1.20.1-20230612.114412-srg.jar%23261!/:?]
	at net.minecraft.Util.m_214652_(Util.java:783) ~[server-1.20.1-20230612.114412-srg.jar%23261!/:?]
	at net.minecraft.Util.m_214679_(Util.java:772) ~[server-1.20.1-20230612.114412-srg.jar%23261!/:?]
	at net.minecraft.server.Main.main(Main.java:166) ~[server-1.20.1-20230612.114412-srg.jar%23261!/:?]
	at jdk.internal.reflect.NativeMethodAccessorImpl.invoke0(Native Method) ~[?:?]
	at jdk.internal.reflect.NativeMethodAccessorImpl.invoke(NativeMethodAccessorImpl.java:77) ~[?:?]
	at jdk.internal.reflect.DelegatingMethodAccessorImpl.invoke(DelegatingMethodAccessorImpl.java:43) ~[?:?]
	at java.lang.reflect.Method.invoke(Method.java:569) ~[?:?]
	at net.minecraftforge.fml.loading.targets.CommonLaunchHandler.runTarget(CommonLaunchHandler.java:111) ~[fmlloader-1.20.1-47.3.7.jar%2367!/:?]
	at net.minecraftforge.fml.loading.targets.CommonLaunchHandler.serverService(CommonLaunchHandler.java:103) ~[fmlloader-1.20.1-47.3.7.jar%2367!/:?]
	at net.minecraftforge.fml.loading.targets.CommonServerLaunchHandler.lambda$makeService$0(CommonServerLaunchHandler.java:27) ~[fmlloader-1.20.1-47.3.7.jar%2367!/:?]
	at cpw.mods.modlauncher.LaunchServiceHandlerDecorator.launch(LaunchServiceHandlerDecorator.java:30) ~[modlauncher-10.0.9.jar%2353!/:?]
	at cpw.mods.modlauncher.LaunchServiceHandler.launch(LaunchServiceHandler.java:53) ~[modlauncher-10.0.9.jar%2353!/:?]
	at cpw.mods.modlauncher.LaunchServiceHandler.launch(LaunchServiceHandler.java:71) ~[modlauncher-10.0.9.jar%2353!/:?]
	at cpw.mods.modlauncher.Launcher.run(Launcher.java:108) ~[modlauncher-10.0.9.jar%2353!/:?]
	at cpw.mods.modlauncher.Launcher.main(Launcher.java:78) ~[modlauncher-10.0.9.jar%2353!/:?]
	at cpw.mods.modlauncher.BootstrapLaunchConsumer.accept(BootstrapLaunchConsumer.java:26) ~[modlauncher-10.0.9.jar%2353!/:?]
	at cpw.mods.modlauncher.BootstrapLaunchConsumer.accept(BootstrapLaunchConsumer.java:23) ~[modlauncher-10.0.9.jar%2353!/:?]
	at cpw.mods.bootstraplauncher.BootstrapLauncher.main(BootstrapLauncher.java:141) ~[bootstraplauncher-1.1.2.jar:?]
[08Dec2025 18:05:19.793] [main/ERROR] [net.minecraft.world.item.crafting.RecipeManager/]: Parsing error loading recipe useless_sword:pesting_rapier_recipe
com.google.gson.JsonSyntaxException: Unknown item 'twilightforest:firefly'
	at net.minecraft.world.item.crafting.ShapedRecipe.m_151280_(ShapedRecipe.java:292) ~[server-1.20.1-20230612.114412-srg.jar%23261!/:?]
	at java.util.Optional.orElseThrow(Optional.java:403) ~[?:?]
	at net.minecraft.world.item.crafting.ShapedRecipe.m_151278_(ShapedRecipe.java:291) ~[server-1.20.1-20230612.114412-srg.jar%23261!/:?]
	at net.minecraft.world.item.crafting.Ingredient.m_43919_(Ingredient.java:219) ~[server-1.20.1-20230612.114412-srg.jar%23261!/:?]
	at net.minecraftforge.common.crafting.VanillaIngredientSerializer.parse(VanillaIngredientSerializer.java:27) ~[forge-1.20.1-47.3.7-universal.jar%23266!/:?]
	at net.minecraftforge.common.crafting.CraftingHelper.getIngredient(CraftingHelper.java:148) ~[forge-1.20.1-47.3.7-universal.jar%23266!/:?]
	at net.minecraft.world.item.crafting.Ingredient.m_288218_(Ingredient.java:194) ~[server-1.20.1-20230612.114412-srg.jar%23261!/:?]
	at net.minecraft.world.item.crafting.ShapedRecipe.m_44210_(ShapedRecipe.java:278) ~[server-1.20.1-20230612.114412-srg.jar%23261!/:?]
	at net.minecraft.world.item.crafting.ShapedRecipe$Serializer.m_6729_(ShapedRecipe.java:306) ~[server-1.20.1-20230612.114412-srg.jar%23261!/:?]
	at net.minecraft.world.item.crafting.ShapedRecipe$Serializer.m_6729_(ShapedRecipe.java:301) ~[server-1.20.1-20230612.114412-srg.jar%23261!/:?]
	at net.minecraftforge.common.extensions.IForgeRecipeSerializer.fromJson(IForgeRecipeSerializer.java:23) ~[forge-1.20.1-47.3.7-universal.jar%23266!/:?]
	at net.minecraft.world.item.crafting.RecipeManager.fromJson(RecipeManager.java:171) ~[server-1.20.1-20230612.114412-srg.jar%23261!/:?]
	at net.minecraft.world.item.crafting.RecipeManager.m_5787_(RecipeManager.java:67) ~[server-1.20.1-20230612.114412-srg.jar%23261!/:?]
	at net.minecraft.world.item.crafting.RecipeManager.m_5787_(RecipeManager.java:34) ~[server-1.20.1-20230612.114412-srg.jar%23261!/:?]
	at net.minecraft.server.packs.resources.SimplePreparableReloadListener.m_10789_(SimplePreparableReloadListener.java:13) ~[server-1.20.1-20230612.114412-srg.jar%23261!/:?]
	at java.util.concurrent.CompletableFuture$UniAccept.tryFire(CompletableFuture.java:718) ~[?:?]
	at java.util.concurrent.CompletableFuture$Completion.run(CompletableFuture.java:482) ~[?:?]
	at net.minecraft.server.packs.resources.SimpleReloadInstance.m_143940_(SimpleReloadInstance.java:69) ~[server-1.20.1-20230612.114412-srg.jar%23261!/:?]
	at net.minecraft.Util.m_214652_(Util.java:783) ~[server-1.20.1-20230612.114412-srg.jar%23261!/:?]
	at net.minecraft.Util.m_214679_(Util.java:772) ~[server-1.20.1-20230612.114412-srg.jar%23261!/:?]
	at net.minecraft.server.Main.main(Main.java:166) ~[server-1.20.1-20230612.114412-srg.jar%23261!/:?]
	at jdk.internal.reflect.NativeMethodAccessorImpl.invoke0(Native Method) ~[?:?]
	at jdk.internal.reflect.NativeMethodAccessorImpl.invoke(NativeMethodAccessorImpl.java:77) ~[?:?]
	at jdk.internal.reflect.DelegatingMethodAccessorImpl.invoke(DelegatingMethodAccessorImpl.java:43) ~[?:?]
	at java.lang.reflect.Method.invoke(Method.java:569) ~[?:?]
	at net.minecraftforge.fml.loading.targets.CommonLaunchHandler.runTarget(CommonLaunchHandler.java:111) ~[fmlloader-1.20.1-47.3.7.jar%2367!/:?]
	at net.minecraftforge.fml.loading.targets.CommonLaunchHandler.serverService(CommonLaunchHandler.java:103) ~[fmlloader-1.20.1-47.3.7.jar%2367!/:?]
	at net.minecraftforge.fml.loading.targets.CommonServerLaunchHandler.lambda$makeService$0(CommonServerLaunchHandler.java:27) ~[fmlloader-1.20.1-47.3.7.jar%2367!/:?]
	at cpw.mods.modlauncher.LaunchServiceHandlerDecorator.launch(LaunchServiceHandlerDecorator.java:30) ~[modlauncher-10.0.9.jar%2353!/:?]
	at cpw.mods.modlauncher.LaunchServiceHandler.launch(LaunchServiceHandler.java:53) ~[modlauncher-10.0.9.jar%2353!/:?]
	at cpw.mods.modlauncher.LaunchServiceHandler.launch(LaunchServiceHandler.java:71) ~[modlauncher-10.0.9.jar%2353!/:?]
	at cpw.mods.modlauncher.Launcher.run(Launcher.java:108) ~[modlauncher-10.0.9.jar%2353!/:?]
	at cpw.mods.modlauncher.Launcher.main(Launcher.java:78) ~[modlauncher-10.0.9.jar%2353!/:?]
	at cpw.mods.modlauncher.BootstrapLaunchConsumer.accept(BootstrapLaunchConsumer.java:26) ~[modlauncher-10.0.9.jar%2353!/:?]
	at cpw.mods.modlauncher.BootstrapLaunchConsumer.accept(BootstrapLaunchConsumer.java:23) ~[modlauncher-10.0.9.jar%2353!/:?]
	at cpw.mods.bootstraplauncher.BootstrapLauncher.main(BootstrapLauncher.java:141) ~[bootstraplauncher-1.1.2.jar:?]
[08Dec2025 18:05:19.807] [main/ERROR] [net.minecraft.world.item.crafting.RecipeManager/]: Parsing error loading recipe useless_sword:ravager_sword_craft_2
com.google.gson.JsonSyntaxException: Unknown item 'quark:ravager_hide'
	at net.minecraft.world.item.crafting.ShapedRecipe.m_151280_(ShapedRecipe.java:292) ~[server-1.20.1-20230612.114412-srg.jar%23261!/:?]
	at java.util.Optional.orElseThrow(Optional.java:403) ~[?:?]
	at net.minecraft.world.item.crafting.ShapedRecipe.m_151278_(ShapedRecipe.java:291) ~[server-1.20.1-20230612.114412-srg.jar%23261!/:?]
	at net.minecraft.world.item.crafting.Ingredient.m_43919_(Ingredient.java:219) ~[server-1.20.1-20230612.114412-srg.jar%23261!/:?]
	at net.minecraftforge.common.crafting.VanillaIngredientSerializer.parse(VanillaIngredientSerializer.java:27) ~[forge-1.20.1-47.3.7-universal.jar%23266!/:?]
	at net.minecraftforge.common.crafting.CraftingHelper.getIngredient(CraftingHelper.java:148) ~[forge-1.20.1-47.3.7-universal.jar%23266!/:?]
	at net.minecraft.world.item.crafting.Ingredient.m_288218_(Ingredient.java:194) ~[server-1.20.1-20230612.114412-srg.jar%23261!/:?]
	at net.minecraft.world.item.crafting.ShapedRecipe.m_44210_(ShapedRecipe.java:278) ~[server-1.20.1-20230612.114412-srg.jar%23261!/:?]
	at net.minecraft.world.item.crafting.ShapedRecipe$Serializer.m_6729_(ShapedRecipe.java:306) ~[server-1.20.1-20230612.114412-srg.jar%23261!/:?]
	at net.minecraft.world.item.crafting.ShapedRecipe$Serializer.m_6729_(ShapedRecipe.java:301) ~[server-1.20.1-20230612.114412-srg.jar%23261!/:?]
	at net.minecraftforge.common.extensions.IForgeRecipeSerializer.fromJson(IForgeRecipeSerializer.java:23) ~[forge-1.20.1-47.3.7-universal.jar%23266!/:?]
	at net.minecraft.world.item.crafting.RecipeManager.fromJson(RecipeManager.java:171) ~[server-1.20.1-20230612.114412-srg.jar%23261!/:?]
	at net.minecraft.world.item.crafting.RecipeManager.m_5787_(RecipeManager.java:67) ~[server-1.20.1-20230612.114412-srg.jar%23261!/:?]
	at net.minecraft.world.item.crafting.RecipeManager.m_5787_(RecipeManager.java:34) ~[server-1.20.1-20230612.114412-srg.jar%23261!/:?]
	at net.minecraft.server.packs.resources.SimplePreparableReloadListener.m_10789_(SimplePreparableReloadListener.java:13) ~[server-1.20.1-20230612.114412-srg.jar%23261!/:?]
	at java.util.concurrent.CompletableFuture$UniAccept.tryFire(CompletableFuture.java:718) ~[?:?]
	at java.util.concurrent.CompletableFuture$Completion.run(CompletableFuture.java:482) ~[?:?]
	at net.minecraft.server.packs.resources.SimpleReloadInstance.m_143940_(SimpleReloadInstance.java:69) ~[server-1.20.1-20230612.114412-srg.jar%23261!/:?]
	at net.minecraft.Util.m_214652_(Util.java:783) ~[server-1.20.1-20230612.114412-srg.jar%23261!/:?]
	at net.minecraft.Util.m_214679_(Util.java:772) ~[server-1.20.1-20230612.114412-srg.jar%23261!/:?]
	at net.minecraft.server.Main.main(Main.java:166) ~[server-1.20.1-20230612.114412-srg.jar%23261!/:?]
	at jdk.internal.reflect.NativeMethodAccessorImpl.invoke0(Native Method) ~[?:?]
	at jdk.internal.reflect.NativeMethodAccessorImpl.invoke(NativeMethodAccessorImpl.java:77) ~[?:?]
	at jdk.internal.reflect.DelegatingMethodAccessorImpl.invoke(DelegatingMethodAccessorImpl.java:43) ~[?:?]
	at java.lang.reflect.Method.invoke(Method.java:569) ~[?:?]
	at net.minecraftforge.fml.loading.targets.CommonLaunchHandler.runTarget(CommonLaunchHandler.java:111) ~[fmlloader-1.20.1-47.3.7.jar%2367!/:?]
	at net.minecraftforge.fml.loading.targets.CommonLaunchHandler.serverService(CommonLaunchHandler.java:103) ~[fmlloader-1.20.1-47.3.7.jar%2367!/:?]
	at net.minecraftforge.fml.loading.targets.CommonServerLaunchHandler.lambda$makeService$0(CommonServerLaunchHandler.java:27) ~[fmlloader-1.20.1-47.3.7.jar%2367!/:?]
	at cpw.mods.modlauncher.LaunchServiceHandlerDecorator.launch(LaunchServiceHandlerDecorator.java:30) ~[modlauncher-10.0.9.jar%2353!/:?]
	at cpw.mods.modlauncher.LaunchServiceHandler.launch(LaunchServiceHandler.java:53) ~[modlauncher-10.0.9.jar%2353!/:?]
	at cpw.mods.modlauncher.LaunchServiceHandler.launch(LaunchServiceHandler.java:71) ~[modlauncher-10.0.9.jar%2353!/:?]
	at cpw.mods.modlauncher.Launcher.run(Launcher.java:108) ~[modlauncher-10.0.9.jar%2353!/:?]
	at cpw.mods.modlauncher.Launcher.main(Launcher.java:78) ~[modlauncher-10.0.9.jar%2353!/:?]
	at cpw.mods.modlauncher.BootstrapLaunchConsumer.accept(BootstrapLaunchConsumer.java:26) ~[modlauncher-10.0.9.jar%2353!/:?]
	at cpw.mods.modlauncher.BootstrapLaunchConsumer.accept(BootstrapLaunchConsumer.java:23) ~[modlauncher-10.0.9.jar%2353!/:?]
	at cpw.mods.bootstraplauncher.BootstrapLauncher.main(BootstrapLauncher.java:141) ~[bootstraplauncher-1.1.2.jar:?]
[08Dec2025 18:05:19.843] [main/ERROR] [net.minecraft.world.item.crafting.RecipeManager/]: Parsing error loading recipe useless_sword:dragonbreathdiamondswordcraft2
com.google.gson.JsonSyntaxException: Unknown item 'useless_sword:dragonbreathdiamondsword'
	at net.minecraftforge.common.crafting.CraftingHelper.getItem(CraftingHelper.java:160) ~[forge-1.20.1-47.3.7-universal.jar%23266!/:?]
	at net.minecraftforge.common.crafting.CraftingHelper.getItemStack(CraftingHelper.java:186) ~[forge-1.20.1-47.3.7-universal.jar%23266!/:?]
	at net.minecraft.world.item.crafting.ShapedRecipe.m_151274_(ShapedRecipe.java:286) ~[server-1.20.1-20230612.114412-srg.jar%23261!/:?]
	at net.minecraft.world.item.crafting.ShapelessRecipe$Serializer.m_6729_(ShapelessRecipe.java:95) ~[server-1.20.1-20230612.114412-srg.jar%23261!/:?]
	at net.minecraft.world.item.crafting.ShapelessRecipe$Serializer.m_6729_(ShapelessRecipe.java:84) ~[server-1.20.1-20230612.114412-srg.jar%23261!/:?]
	at net.minecraftforge.common.extensions.IForgeRecipeSerializer.fromJson(IForgeRecipeSerializer.java:23) ~[forge-1.20.1-47.3.7-universal.jar%23266!/:?]
	at net.minecraft.world.item.crafting.RecipeManager.fromJson(RecipeManager.java:171) ~[server-1.20.1-20230612.114412-srg.jar%23261!/:?]
	at net.minecraft.world.item.crafting.RecipeManager.m_5787_(RecipeManager.java:67) ~[server-1.20.1-20230612.114412-srg.jar%23261!/:?]
	at net.minecraft.world.item.crafting.RecipeManager.m_5787_(RecipeManager.java:34) ~[server-1.20.1-20230612.114412-srg.jar%23261!/:?]
	at net.minecraft.server.packs.resources.SimplePreparableReloadListener.m_10789_(SimplePreparableReloadListener.java:13) ~[server-1.20.1-20230612.114412-srg.jar%23261!/:?]
	at java.util.concurrent.CompletableFuture$UniAccept.tryFire(CompletableFuture.java:718) ~[?:?]
	at java.util.concurrent.CompletableFuture$Completion.run(CompletableFuture.java:482) ~[?:?]
	at net.minecraft.server.packs.resources.SimpleReloadInstance.m_143940_(SimpleReloadInstance.java:69) ~[server-1.20.1-20230612.114412-srg.jar%23261!/:?]
	at net.minecraft.Util.m_214652_(Util.java:783) ~[server-1.20.1-20230612.114412-srg.jar%23261!/:?]
	at net.minecraft.Util.m_214679_(Util.java:772) ~[server-1.20.1-20230612.114412-srg.jar%23261!/:?]
	at net.minecraft.server.Main.main(Main.java:166) ~[server-1.20.1-20230612.114412-srg.jar%23261!/:?]
	at jdk.internal.reflect.NativeMethodAccessorImpl.invoke0(Native Method) ~[?:?]
	at jdk.internal.reflect.NativeMethodAccessorImpl.invoke(NativeMethodAccessorImpl.java:77) ~[?:?]
	at jdk.internal.reflect.DelegatingMethodAccessorImpl.invoke(DelegatingMethodAccessorImpl.java:43) ~[?:?]
	at java.lang.reflect.Method.invoke(Method.java:569) ~[?:?]
	at net.minecraftforge.fml.loading.targets.CommonLaunchHandler.runTarget(CommonLaunchHandler.java:111) ~[fmlloader-1.20.1-47.3.7.jar%2367!/:?]
	at net.minecraftforge.fml.loading.targets.CommonLaunchHandler.serverService(CommonLaunchHandler.java:103) ~[fmlloader-1.20.1-47.3.7.jar%2367!/:?]
	at net.minecraftforge.fml.loading.targets.CommonServerLaunchHandler.lambda$makeService$0(CommonServerLaunchHandler.java:27) ~[fmlloader-1.20.1-47.3.7.jar%2367!/:?]
	at cpw.mods.modlauncher.LaunchServiceHandlerDecorator.launch(LaunchServiceHandlerDecorator.java:30) ~[modlauncher-10.0.9.jar%2353!/:?]
	at cpw.mods.modlauncher.LaunchServiceHandler.launch(LaunchServiceHandler.java:53) ~[modlauncher-10.0.9.jar%2353!/:?]
	at cpw.mods.modlauncher.LaunchServiceHandler.launch(LaunchServiceHandler.java:71) ~[modlauncher-10.0.9.jar%2353!/:?]
	at cpw.mods.modlauncher.Launcher.run(Launcher.java:108) ~[modlauncher-10.0.9.jar%2353!/:?]
	at cpw.mods.modlauncher.Launcher.main(Launcher.java:78) ~[modlauncher-10.0.9.jar%2353!/:?]
	at cpw.mods.modlauncher.BootstrapLaunchConsumer.accept(BootstrapLaunchConsumer.java:26) ~[modlauncher-10.0.9.jar%2353!/:?]
	at cpw.mods.modlauncher.BootstrapLaunchConsumer.accept(BootstrapLaunchConsumer.java:23) ~[modlauncher-10.0.9.jar%2353!/:?]
	at cpw.mods.bootstraplauncher.BootstrapLauncher.main(BootstrapLauncher.java:141) ~[bootstraplauncher-1.1.2.jar:?]
[08Dec2025 18:05:19.855] [main/ERROR] [net.minecraft.world.item.crafting.RecipeManager/]: Parsing error loading recipe useless_sword:neptunium_grab_sword_recipe
com.google.gson.JsonSyntaxException: Unknown item 'aquaculture:iron_hook'
	at net.minecraft.world.item.crafting.ShapedRecipe.m_151280_(ShapedRecipe.java:292) ~[server-1.20.1-20230612.114412-srg.jar%23261!/:?]
	at java.util.Optional.orElseThrow(Optional.java:403) ~[?:?]
	at net.minecraft.world.item.crafting.ShapedRecipe.m_151278_(ShapedRecipe.java:291) ~[server-1.20.1-20230612.114412-srg.jar%23261!/:?]
	at net.minecraft.world.item.crafting.Ingredient.m_43919_(Ingredient.java:219) ~[server-1.20.1-20230612.114412-srg.jar%23261!/:?]
	at net.minecraftforge.common.crafting.VanillaIngredientSerializer.parse(VanillaIngredientSerializer.java:27) ~[forge-1.20.1-47.3.7-universal.jar%23266!/:?]
	at net.minecraftforge.common.crafting.CraftingHelper.getIngredient(CraftingHelper.java:148) ~[forge-1.20.1-47.3.7-universal.jar%23266!/:?]
	at net.minecraft.world.item.crafting.Ingredient.m_288218_(Ingredient.java:194) ~[server-1.20.1-20230612.114412-srg.jar%23261!/:?]
	at net.minecraft.world.item.crafting.ShapedRecipe.m_44210_(ShapedRecipe.java:278) ~[server-1.20.1-20230612.114412-srg.jar%23261!/:?]
	at net.minecraft.world.item.crafting.ShapedRecipe$Serializer.m_6729_(ShapedRecipe.java:306) ~[server-1.20.1-20230612.114412-srg.jar%23261!/:?]
	at net.minecraft.world.item.crafting.ShapedRecipe$Serializer.m_6729_(ShapedRecipe.java:301) ~[server-1.20.1-20230612.114412-srg.jar%23261!/:?]
	at net.minecraftforge.common.extensions.IForgeRecipeSerializer.fromJson(IForgeRecipeSerializer.java:23) ~[forge-1.20.1-47.3.7-universal.jar%23266!/:?]
	at net.minecraft.world.item.crafting.RecipeManager.fromJson(RecipeManager.java:171) ~[server-1.20.1-20230612.114412-srg.jar%23261!/:?]
	at net.minecraft.world.item.crafting.RecipeManager.m_5787_(RecipeManager.java:67) ~[server-1.20.1-20230612.114412-srg.jar%23261!/:?]
	at net.minecraft.world.item.crafting.RecipeManager.m_5787_(RecipeManager.java:34) ~[server-1.20.1-20230612.114412-srg.jar%23261!/:?]
	at net.minecraft.server.packs.resources.SimplePreparableReloadListener.m_10789_(SimplePreparableReloadListener.java:13) ~[server-1.20.1-20230612.114412-srg.jar%23261!/:?]
	at java.util.concurrent.CompletableFuture$UniAccept.tryFire(CompletableFuture.java:718) ~[?:?]
	at java.util.concurrent.CompletableFuture$Completion.run(CompletableFuture.java:482) ~[?:?]
	at net.minecraft.server.packs.resources.SimpleReloadInstance.m_143940_(SimpleReloadInstance.java:69) ~[server-1.20.1-20230612.114412-srg.jar%23261!/:?]
	at net.minecraft.Util.m_214652_(Util.java:783) ~[server-1.20.1-20230612.114412-srg.jar%23261!/:?]
	at net.minecraft.Util.m_214679_(Util.java:772) ~[server-1.20.1-20230612.114412-srg.jar%23261!/:?]
	at net.minecraft.server.Main.main(Main.java:166) ~[server-1.20.1-20230612.114412-srg.jar%23261!/:?]
	at jdk.internal.reflect.NativeMethodAccessorImpl.invoke0(Native Method) ~[?:?]
	at jdk.internal.reflect.NativeMethodAccessorImpl.invoke(NativeMethodAccessorImpl.java:77) ~[?:?]
	at jdk.internal.reflect.DelegatingMethodAccessorImpl.invoke(DelegatingMethodAccessorImpl.java:43) ~[?:?]
	at java.lang.reflect.Method.invoke(Method.java:569) ~[?:?]
	at net.minecraftforge.fml.loading.targets.CommonLaunchHandler.runTarget(CommonLaunchHandler.java:111) ~[fmlloader-1.20.1-47.3.7.jar%2367!/:?]
	at net.minecraftforge.fml.loading.targets.CommonLaunchHandler.serverService(CommonLaunchHandler.java:103) ~[fmlloader-1.20.1-47.3.7.jar%2367!/:?]
	at net.minecraftforge.fml.loading.targets.CommonServerLaunchHandler.lambda$makeService$0(CommonServerLaunchHandler.java:27) ~[fmlloader-1.20.1-47.3.7.jar%2367!/:?]
	at cpw.mods.modlauncher.LaunchServiceHandlerDecorator.launch(LaunchServiceHandlerDecorator.java:30) ~[modlauncher-10.0.9.jar%2353!/:?]
	at cpw.mods.modlauncher.LaunchServiceHandler.launch(LaunchServiceHandler.java:53) ~[modlauncher-10.0.9.jar%2353!/:?]
	at cpw.mods.modlauncher.LaunchServiceHandler.launch(LaunchServiceHandler.java:71) ~[modlauncher-10.0.9.jar%2353!/:?]
	at cpw.mods.modlauncher.Launcher.run(Launcher.java:108) ~[modlauncher-10.0.9.jar%2353!/:?]
	at cpw.mods.modlauncher.Launcher.main(Launcher.java:78) ~[modlauncher-10.0.9.jar%2353!/:?]
	at cpw.mods.modlauncher.BootstrapLaunchConsumer.accept(BootstrapLaunchConsumer.java:26) ~[modlauncher-10.0.9.jar%2353!/:?]
	at cpw.mods.modlauncher.BootstrapLaunchConsumer.accept(BootstrapLaunchConsumer.java:23) ~[modlauncher-10.0.9.jar%2353!/:?]
	at cpw.mods.bootstraplauncher.BootstrapLauncher.main(BootstrapLauncher.java:141) ~[bootstraplauncher-1.1.2.jar:?]
[08Dec2025 18:05:19.895] [main/ERROR] [net.minecraft.world.item.crafting.RecipeManager/]: Parsing error loading recipe useless_sword:message_in_a_sword_recipe
com.google.gson.JsonSyntaxException: Unknown item 'aquaculture:message_in_a_bottle'
	at net.minecraft.world.item.crafting.ShapedRecipe.m_151280_(ShapedRecipe.java:292) ~[server-1.20.1-20230612.114412-srg.jar%23261!/:?]
	at java.util.Optional.orElseThrow(Optional.java:403) ~[?:?]
	at net.minecraft.world.item.crafting.ShapedRecipe.m_151278_(ShapedRecipe.java:291) ~[server-1.20.1-20230612.114412-srg.jar%23261!/:?]
	at net.minecraft.world.item.crafting.Ingredient.m_43919_(Ingredient.java:219) ~[server-1.20.1-20230612.114412-srg.jar%23261!/:?]
	at net.minecraftforge.common.crafting.VanillaIngredientSerializer.parse(VanillaIngredientSerializer.java:27) ~[forge-1.20.1-47.3.7-universal.jar%23266!/:?]
	at net.minecraftforge.common.crafting.CraftingHelper.getIngredient(CraftingHelper.java:148) ~[forge-1.20.1-47.3.7-universal.jar%23266!/:?]
	at net.minecraft.world.item.crafting.Ingredient.m_288218_(Ingredient.java:194) ~[server-1.20.1-20230612.114412-srg.jar%23261!/:?]
	at net.minecraft.world.item.crafting.ShapedRecipe.m_44210_(ShapedRecipe.java:278) ~[server-1.20.1-20230612.114412-srg.jar%23261!/:?]
	at net.minecraft.world.item.crafting.ShapedRecipe$Serializer.m_6729_(ShapedRecipe.java:306) ~[server-1.20.1-20230612.114412-srg.jar%23261!/:?]
	at net.minecraft.world.item.crafting.ShapedRecipe$Serializer.m_6729_(ShapedRecipe.java:301) ~[server-1.20.1-20230612.114412-srg.jar%23261!/:?]
	at net.minecraftforge.common.extensions.IForgeRecipeSerializer.fromJson(IForgeRecipeSerializer.java:23) ~[forge-1.20.1-47.3.7-universal.jar%23266!/:?]
	at net.minecraft.world.item.crafting.RecipeManager.fromJson(RecipeManager.java:171) ~[server-1.20.1-20230612.114412-srg.jar%23261!/:?]
	at net.minecraft.world.item.crafting.RecipeManager.m_5787_(RecipeManager.java:67) ~[server-1.20.1-20230612.114412-srg.jar%23261!/:?]
	at net.minecraft.world.item.crafting.RecipeManager.m_5787_(RecipeManager.java:34) ~[server-1.20.1-20230612.114412-srg.jar%23261!/:?]
	at net.minecraft.server.packs.resources.SimplePreparableReloadListener.m_10789_(SimplePreparableReloadListener.java:13) ~[server-1.20.1-20230612.114412-srg.jar%23261!/:?]
	at java.util.concurrent.CompletableFuture$UniAccept.tryFire(CompletableFuture.java:718) ~[?:?]
	at java.util.concurrent.CompletableFuture$Completion.run(CompletableFuture.java:482) ~[?:?]
	at net.minecraft.server.packs.resources.SimpleReloadInstance.m_143940_(SimpleReloadInstance.java:69) ~[server-1.20.1-20230612.114412-srg.jar%23261!/:?]
	at net.minecraft.Util.m_214652_(Util.java:783) ~[server-1.20.1-20230612.114412-srg.jar%23261!/:?]
	at net.minecraft.Util.m_214679_(Util.java:772) ~[server-1.20.1-20230612.114412-srg.jar%23261!/:?]
	at net.minecraft.server.Main.main(Main.java:166) ~[server-1.20.1-20230612.114412-srg.jar%23261!/:?]
	at jdk.internal.reflect.NativeMethodAccessorImpl.invoke0(Native Method) ~[?:?]
	at jdk.internal.reflect.NativeMethodAccessorImpl.invoke(NativeMethodAccessorImpl.java:77) ~[?:?]
	at jdk.internal.reflect.DelegatingMethodAccessorImpl.invoke(DelegatingMethodAccessorImpl.java:43) ~[?:?]
	at java.lang.reflect.Method.invoke(Method.java:569) ~[?:?]
	at net.minecraftforge.fml.loading.targets.CommonLaunchHandler.runTarget(CommonLaunchHandler.java:111) ~[fmlloader-1.20.1-47.3.7.jar%2367!/:?]
	at net.minecraftforge.fml.loading.targets.CommonLaunchHandler.serverService(CommonLaunchHandler.java:103) ~[fmlloader-1.20.1-47.3.7.jar%2367!/:?]
	at net.minecraftforge.fml.loading.targets.CommonServerLaunchHandler.lambda$makeService$0(CommonServerLaunchHandler.java:27) ~[fmlloader-1.20.1-47.3.7.jar%2367!/:?]
	at cpw.mods.modlauncher.LaunchServiceHandlerDecorator.launch(LaunchServiceHandlerDecorator.java:30) ~[modlauncher-10.0.9.jar%2353!/:?]
	at cpw.mods.modlauncher.LaunchServiceHandler.launch(LaunchServiceHandler.java:53) ~[modlauncher-10.0.9.jar%2353!/:?]
	at cpw.mods.modlauncher.LaunchServiceHandler.launch(LaunchServiceHandler.java:71) ~[modlauncher-10.0.9.jar%2353!/:?]
	at cpw.mods.modlauncher.Launcher.run(Launcher.java:108) ~[modlauncher-10.0.9.jar%2353!/:?]
	at cpw.mods.modlauncher.Launcher.main(Launcher.java:78) ~[modlauncher-10.0.9.jar%2353!/:?]
	at cpw.mods.modlauncher.BootstrapLaunchConsumer.accept(BootstrapLaunchConsumer.java:26) ~[modlauncher-10.0.9.jar%2353!/:?]
	at cpw.mods.modlauncher.BootstrapLaunchConsumer.accept(BootstrapLaunchConsumer.java:23) ~[modlauncher-10.0.9.jar%2353!/:?]
	at cpw.mods.bootstraplauncher.BootstrapLauncher.main(BootstrapLauncher.java:141) ~[bootstraplauncher-1.1.2.jar:?]
[08Dec2025 18:05:19.905] [main/ERROR] [net.minecraft.world.item.crafting.RecipeManager/]: Parsing error loading recipe conditional:create/mixing/bolvar_wine_mixing
com.google.gson.JsonSyntaxException: Unknown item 'vinery:dark_cherry'
	at net.minecraft.world.item.crafting.ShapedRecipe.m_151280_(ShapedRecipe.java:292) ~[server-1.20.1-20230612.114412-srg.jar%23261!/:?]
	at java.util.Optional.orElseThrow(Optional.java:403) ~[?:?]
	at net.minecraft.world.item.crafting.ShapedRecipe.m_151278_(ShapedRecipe.java:291) ~[server-1.20.1-20230612.114412-srg.jar%23261!/:?]
	at net.minecraft.world.item.crafting.Ingredient.m_43919_(Ingredient.java:219) ~[server-1.20.1-20230612.114412-srg.jar%23261!/:?]
	at net.minecraftforge.common.crafting.VanillaIngredientSerializer.parse(VanillaIngredientSerializer.java:27) ~[forge-1.20.1-47.3.7-universal.jar%23266!/:?]
	at net.minecraftforge.common.crafting.CraftingHelper.getIngredient(CraftingHelper.java:148) ~[forge-1.20.1-47.3.7-universal.jar%23266!/:?]
	at net.minecraft.world.item.crafting.Ingredient.m_288218_(Ingredient.java:194) ~[server-1.20.1-20230612.114412-srg.jar%23261!/:?]
	at net.minecraft.world.item.crafting.Ingredient.m_43917_(Ingredient.java:189) ~[server-1.20.1-20230612.114412-srg.jar%23261!/:?]
	at com.simibubi.create.content.processing.recipe.ProcessingRecipeSerializer.readFromJson(ProcessingRecipeSerializer.java:66) ~[create-1.20.1-6.0.8.jar%23197!/:6.0.8]
	at com.simibubi.create.content.processing.recipe.ProcessingRecipeSerializer.fromJson(ProcessingRecipeSerializer.java:154) ~[create-1.20.1-6.0.8.jar%23197!/:6.0.8]
	at com.simibubi.create.content.processing.recipe.ProcessingRecipeSerializer.m_6729_(ProcessingRecipeSerializer.java:21) ~[create-1.20.1-6.0.8.jar%23197!/:6.0.8]
	at net.minecraftforge.common.extensions.IForgeRecipeSerializer.fromJson(IForgeRecipeSerializer.java:23) ~[forge-1.20.1-47.3.7-universal.jar%23266!/:?]
	at net.minecraft.world.item.crafting.RecipeManager.fromJson(RecipeManager.java:171) ~[server-1.20.1-20230612.114412-srg.jar%23261!/:?]
	at net.minecraft.world.item.crafting.RecipeManager.m_44045_(RecipeManager.java:164) ~[server-1.20.1-20230612.114412-srg.jar%23261!/:?]
	at net.minecraftforge.common.crafting.ConditionalRecipe$Serializer.fromJson(ConditionalRecipe.java:57) ~[forge-1.20.1-47.3.7-universal.jar%23266!/:?]
	at net.minecraftforge.common.crafting.ConditionalRecipe$Serializer.m_6729_(ConditionalRecipe.java:43) ~[forge-1.20.1-47.3.7-universal.jar%23266!/:?]
	at de.cristelknight.doapi.forge.DoApiEPImpl.fromJson(DoApiEPImpl.java:42) ~[letsdo-API-forge-1.2.13-forge.jar%23217!/:?]
	at de.cristelknight.doapi.DoApiEP.fromJson(DoApiEP.java) ~[letsdo-API-forge-1.2.13-forge.jar%23217!/:?]
	at de.cristelknight.doapi.common.recipe.SimpleConditionalRecipe$Serializer.m_6729_(SimpleConditionalRecipe.java:22) ~[letsdo-API-forge-1.2.13-forge.jar%23217!/:?]
	at net.minecraftforge.common.extensions.IForgeRecipeSerializer.fromJson(IForgeRecipeSerializer.java:23) ~[forge-1.20.1-47.3.7-universal.jar%23266!/:?]
	at net.minecraft.world.item.crafting.RecipeManager.fromJson(RecipeManager.java:171) ~[server-1.20.1-20230612.114412-srg.jar%23261!/:?]
	at net.minecraft.world.item.crafting.RecipeManager.m_5787_(RecipeManager.java:67) ~[server-1.20.1-20230612.114412-srg.jar%23261!/:?]
	at net.minecraft.world.item.crafting.RecipeManager.m_5787_(RecipeManager.java:34) ~[server-1.20.1-20230612.114412-srg.jar%23261!/:?]
	at net.minecraft.server.packs.resources.SimplePreparableReloadListener.m_10789_(SimplePreparableReloadListener.java:13) ~[server-1.20.1-20230612.114412-srg.jar%23261!/:?]
	at java.util.concurrent.CompletableFuture$UniAccept.tryFire(CompletableFuture.java:718) ~[?:?]
	at java.util.concurrent.CompletableFuture$Completion.run(CompletableFuture.java:482) ~[?:?]
	at net.minecraft.server.packs.resources.SimpleReloadInstance.m_143940_(SimpleReloadInstance.java:69) ~[server-1.20.1-20230612.114412-srg.jar%23261!/:?]
	at net.minecraft.Util.m_214652_(Util.java:783) ~[server-1.20.1-20230612.114412-srg.jar%23261!/:?]
	at net.minecraft.Util.m_214679_(Util.java:772) ~[server-1.20.1-20230612.114412-srg.jar%23261!/:?]
	at net.minecraft.server.Main.main(Main.java:166) ~[server-1.20.1-20230612.114412-srg.jar%23261!/:?]
	at jdk.internal.reflect.NativeMethodAccessorImpl.invoke0(Native Method) ~[?:?]
	at jdk.internal.reflect.NativeMethodAccessorImpl.invoke(NativeMethodAccessorImpl.java:77) ~[?:?]
	at jdk.internal.reflect.DelegatingMethodAccessorImpl.invoke(DelegatingMethodAccessorImpl.java:43) ~[?:?]
	at java.lang.reflect.Method.invoke(Method.java:569) ~[?:?]
	at net.minecraftforge.fml.loading.targets.CommonLaunchHandler.runTarget(CommonLaunchHandler.java:111) ~[fmlloader-1.20.1-47.3.7.jar%2367!/:?]
	at net.minecraftforge.fml.loading.targets.CommonLaunchHandler.serverService(CommonLaunchHandler.java:103) ~[fmlloader-1.20.1-47.3.7.jar%2367!/:?]
	at net.minecraftforge.fml.loading.targets.CommonServerLaunchHandler.lambda$makeService$0(CommonServerLaunchHandler.java:27) ~[fmlloader-1.20.1-47.3.7.jar%2367!/:?]
	at cpw.mods.modlauncher.LaunchServiceHandlerDecorator.launch(LaunchServiceHandlerDecorator.java:30) ~[modlauncher-10.0.9.jar%2353!/:?]
	at cpw.mods.modlauncher.LaunchServiceHandler.launch(LaunchServiceHandler.java:53) ~[modlauncher-10.0.9.jar%2353!/:?]
	at cpw.mods.modlauncher.LaunchServiceHandler.launch(LaunchServiceHandler.java:71) ~[modlauncher-10.0.9.jar%2353!/:?]
	at cpw.mods.modlauncher.Launcher.run(Launcher.java:108) ~[modlauncher-10.0.9.jar%2353!/:?]
	at cpw.mods.modlauncher.Launcher.main(Launcher.java:78) ~[modlauncher-10.0.9.jar%2353!/:?]
	at cpw.mods.modlauncher.BootstrapLaunchConsumer.accept(BootstrapLaunchConsumer.java:26) ~[modlauncher-10.0.9.jar%2353!/:?]
	at cpw.mods.modlauncher.BootstrapLaunchConsumer.accept(BootstrapLaunchConsumer.java:23) ~[modlauncher-10.0.9.jar%2353!/:?]
	at cpw.mods.bootstraplauncher.BootstrapLauncher.main(BootstrapLauncher.java:141) ~[bootstraplauncher-1.1.2.jar:?]
[08Dec2025 18:05:19.940] [main/ERROR] [net.minecraft.world.item.crafting.RecipeManager/]: Parsing error loading recipe useless_sword:dna_cutter_recipe
com.google.gson.JsonSyntaxException: Unknown item 'alexsmobs:capsid'
	at net.minecraft.world.item.crafting.ShapedRecipe.m_151280_(ShapedRecipe.java:292) ~[server-1.20.1-20230612.114412-srg.jar%23261!/:?]
	at java.util.Optional.orElseThrow(Optional.java:403) ~[?:?]
	at net.minecraft.world.item.crafting.ShapedRecipe.m_151278_(ShapedRecipe.java:291) ~[server-1.20.1-20230612.114412-srg.jar%23261!/:?]
	at net.minecraft.world.item.crafting.Ingredient.m_43919_(Ingredient.java:219) ~[server-1.20.1-20230612.114412-srg.jar%23261!/:?]
	at net.minecraftforge.common.crafting.VanillaIngredientSerializer.parse(VanillaIngredientSerializer.java:27) ~[forge-1.20.1-47.3.7-universal.jar%23266!/:?]
	at net.minecraftforge.common.crafting.CraftingHelper.getIngredient(CraftingHelper.java:148) ~[forge-1.20.1-47.3.7-universal.jar%23266!/:?]
	at net.minecraft.world.item.crafting.Ingredient.m_288218_(Ingredient.java:194) ~[server-1.20.1-20230612.114412-srg.jar%23261!/:?]
	at net.minecraft.world.item.crafting.ShapedRecipe.m_44210_(ShapedRecipe.java:278) ~[server-1.20.1-20230612.114412-srg.jar%23261!/:?]
	at net.minecraft.world.item.crafting.ShapedRecipe$Serializer.m_6729_(ShapedRecipe.java:306) ~[server-1.20.1-20230612.114412-srg.jar%23261!/:?]
	at net.minecraft.world.item.crafting.ShapedRecipe$Serializer.m_6729_(ShapedRecipe.java:301) ~[server-1.20.1-20230612.114412-srg.jar%23261!/:?]
	at net.minecraftforge.common.extensions.IForgeRecipeSerializer.fromJson(IForgeRecipeSerializer.java:23) ~[forge-1.20.1-47.3.7-universal.jar%23266!/:?]
	at net.minecraft.world.item.crafting.RecipeManager.fromJson(RecipeManager.java:171) ~[server-1.20.1-20230612.114412-srg.jar%23261!/:?]
	at net.minecraft.world.item.crafting.RecipeManager.m_5787_(RecipeManager.java:67) ~[server-1.20.1-20230612.114412-srg.jar%23261!/:?]
	at net.minecraft.world.item.crafting.RecipeManager.m_5787_(RecipeManager.java:34) ~[server-1.20.1-20230612.114412-srg.jar%23261!/:?]
	at net.minecraft.server.packs.resources.SimplePreparableReloadListener.m_10789_(SimplePreparableReloadListener.java:13) ~[server-1.20.1-20230612.114412-srg.jar%23261!/:?]
	at java.util.concurrent.CompletableFuture$UniAccept.tryFire(CompletableFuture.java:718) ~[?:?]
	at java.util.concurrent.CompletableFuture$Completion.run(CompletableFuture.java:482) ~[?:?]
	at net.minecraft.server.packs.resources.SimpleReloadInstance.m_143940_(SimpleReloadInstance.java:69) ~[server-1.20.1-20230612.114412-srg.jar%23261!/:?]
	at net.minecraft.Util.m_214652_(Util.java:783) ~[server-1.20.1-20230612.114412-srg.jar%23261!/:?]
	at net.minecraft.Util.m_214679_(Util.java:772) ~[server-1.20.1-20230612.114412-srg.jar%23261!/:?]
	at net.minecraft.server.Main.main(Main.java:166) ~[server-1.20.1-20230612.114412-srg.jar%23261!/:?]
	at jdk.internal.reflect.NativeMethodAccessorImpl.invoke0(Native Method) ~[?:?]
	at jdk.internal.reflect.NativeMethodAccessorImpl.invoke(NativeMethodAccessorImpl.java:77) ~[?:?]
	at jdk.internal.reflect.DelegatingMethodAccessorImpl.invoke(DelegatingMethodAccessorImpl.java:43) ~[?:?]
	at java.lang.reflect.Method.invoke(Method.java:569) ~[?:?]
	at net.minecraftforge.fml.loading.targets.CommonLaunchHandler.runTarget(CommonLaunchHandler.java:111) ~[fmlloader-1.20.1-47.3.7.jar%2367!/:?]
	at net.minecraftforge.fml.loading.targets.CommonLaunchHandler.serverService(CommonLaunchHandler.java:103) ~[fmlloader-1.20.1-47.3.7.jar%2367!/:?]
	at net.minecraftforge.fml.loading.targets.CommonServerLaunchHandler.lambda$makeService$0(CommonServerLaunchHandler.java:27) ~[fmlloader-1.20.1-47.3.7.jar%2367!/:?]
	at cpw.mods.modlauncher.LaunchServiceHandlerDecorator.launch(LaunchServiceHandlerDecorator.java:30) ~[modlauncher-10.0.9.jar%2353!/:?]
	at cpw.mods.modlauncher.LaunchServiceHandler.launch(LaunchServiceHandler.java:53) ~[modlauncher-10.0.9.jar%2353!/:?]
	at cpw.mods.modlauncher.LaunchServiceHandler.launch(LaunchServiceHandler.java:71) ~[modlauncher-10.0.9.jar%2353!/:?]
	at cpw.mods.modlauncher.Launcher.run(Launcher.java:108) ~[modlauncher-10.0.9.jar%2353!/:?]
	at cpw.mods.modlauncher.Launcher.main(Launcher.java:78) ~[modlauncher-10.0.9.jar%2353!/:?]
	at cpw.mods.modlauncher.BootstrapLaunchConsumer.accept(BootstrapLaunchConsumer.java:26) ~[modlauncher-10.0.9.jar%2353!/:?]
	at cpw.mods.modlauncher.BootstrapLaunchConsumer.accept(BootstrapLaunchConsumer.java:23) ~[modlauncher-10.0.9.jar%2353!/:?]
	at cpw.mods.bootstraplauncher.BootstrapLauncher.main(BootstrapLauncher.java:141) ~[bootstraplauncher-1.1.2.jar:?]
[08Dec2025 18:05:19.945] [main/ERROR] [net.minecraft.world.item.crafting.RecipeManager/]: Parsing error loading recipe useless_sword:guster_sword_recipe
com.google.gson.JsonSyntaxException: Unknown item 'alexsmobs:guster_eye'
	at net.minecraft.world.item.crafting.ShapedRecipe.m_151280_(ShapedRecipe.java:292) ~[server-1.20.1-20230612.114412-srg.jar%23261!/:?]
	at java.util.Optional.orElseThrow(Optional.java:403) ~[?:?]
	at net.minecraft.world.item.crafting.ShapedRecipe.m_151278_(ShapedRecipe.java:291) ~[server-1.20.1-20230612.114412-srg.jar%23261!/:?]
	at net.minecraft.world.item.crafting.Ingredient.m_43919_(Ingredient.java:219) ~[server-1.20.1-20230612.114412-srg.jar%23261!/:?]
	at net.minecraftforge.common.crafting.VanillaIngredientSerializer.parse(VanillaIngredientSerializer.java:27) ~[forge-1.20.1-47.3.7-universal.jar%23266!/:?]
	at net.minecraftforge.common.crafting.CraftingHelper.getIngredient(CraftingHelper.java:148) ~[forge-1.20.1-47.3.7-universal.jar%23266!/:?]
	at net.minecraft.world.item.crafting.Ingredient.m_288218_(Ingredient.java:194) ~[server-1.20.1-20230612.114412-srg.jar%23261!/:?]
	at net.minecraft.world.item.crafting.ShapedRecipe.m_44210_(ShapedRecipe.java:278) ~[server-1.20.1-20230612.114412-srg.jar%23261!/:?]
	at net.minecraft.world.item.crafting.ShapedRecipe$Serializer.m_6729_(ShapedRecipe.java:306) ~[server-1.20.1-20230612.114412-srg.jar%23261!/:?]
	at net.minecraft.world.item.crafting.ShapedRecipe$Serializer.m_6729_(ShapedRecipe.java:301) ~[server-1.20.1-20230612.114412-srg.jar%23261!/:?]
	at net.minecraftforge.common.extensions.IForgeRecipeSerializer.fromJson(IForgeRecipeSerializer.java:23) ~[forge-1.20.1-47.3.7-universal.jar%23266!/:?]
	at net.minecraft.world.item.crafting.RecipeManager.fromJson(RecipeManager.java:171) ~[server-1.20.1-20230612.114412-srg.jar%23261!/:?]
	at net.minecraft.world.item.crafting.RecipeManager.m_5787_(RecipeManager.java:67) ~[server-1.20.1-20230612.114412-srg.jar%23261!/:?]
	at net.minecraft.world.item.crafting.RecipeManager.m_5787_(RecipeManager.java:34) ~[server-1.20.1-20230612.114412-srg.jar%23261!/:?]
	at net.minecraft.server.packs.resources.SimplePreparableReloadListener.m_10789_(SimplePreparableReloadListener.java:13) ~[server-1.20.1-20230612.114412-srg.jar%23261!/:?]
	at java.util.concurrent.CompletableFuture$UniAccept.tryFire(CompletableFuture.java:718) ~[?:?]
	at java.util.concurrent.CompletableFuture$Completion.run(CompletableFuture.java:482) ~[?:?]
	at net.minecraft.server.packs.resources.SimpleReloadInstance.m_143940_(SimpleReloadInstance.java:69) ~[server-1.20.1-20230612.114412-srg.jar%23261!/:?]
	at net.minecraft.Util.m_214652_(Util.java:783) ~[server-1.20.1-20230612.114412-srg.jar%23261!/:?]
	at net.minecraft.Util.m_214679_(Util.java:772) ~[server-1.20.1-20230612.114412-srg.jar%23261!/:?]
	at net.minecraft.server.Main.main(Main.java:166) ~[server-1.20.1-20230612.114412-srg.jar%23261!/:?]
	at jdk.internal.reflect.NativeMethodAccessorImpl.invoke0(Native Method) ~[?:?]
	at jdk.internal.reflect.NativeMethodAccessorImpl.invoke(NativeMethodAccessorImpl.java:77) ~[?:?]
	at jdk.internal.reflect.DelegatingMethodAccessorImpl.invoke(DelegatingMethodAccessorImpl.java:43) ~[?:?]
	at java.lang.reflect.Method.invoke(Method.java:569) ~[?:?]
	at net.minecraftforge.fml.loading.targets.CommonLaunchHandler.runTarget(CommonLaunchHandler.java:111) ~[fmlloader-1.20.1-47.3.7.jar%2367!/:?]
	at net.minecraftforge.fml.loading.targets.CommonLaunchHandler.serverService(CommonLaunchHandler.java:103) ~[fmlloader-1.20.1-47.3.7.jar%2367!/:?]
	at net.minecraftforge.fml.loading.targets.CommonServerLaunchHandler.lambda$makeService$0(CommonServerLaunchHandler.java:27) ~[fmlloader-1.20.1-47.3.7.jar%2367!/:?]
	at cpw.mods.modlauncher.LaunchServiceHandlerDecorator.launch(LaunchServiceHandlerDecorator.java:30) ~[modlauncher-10.0.9.jar%2353!/:?]
	at cpw.mods.modlauncher.LaunchServiceHandler.launch(LaunchServiceHandler.java:53) ~[modlauncher-10.0.9.jar%2353!/:?]
	at cpw.mods.modlauncher.LaunchServiceHandler.launch(LaunchServiceHandler.java:71) ~[modlauncher-10.0.9.jar%2353!/:?]
	at cpw.mods.modlauncher.Launcher.run(Launcher.java:108) ~[modlauncher-10.0.9.jar%2353!/:?]
	at cpw.mods.modlauncher.Launcher.main(Launcher.java:78) ~[modlauncher-10.0.9.jar%2353!/:?]
	at cpw.mods.modlauncher.BootstrapLaunchConsumer.accept(BootstrapLaunchConsumer.java:26) ~[modlauncher-10.0.9.jar%2353!/:?]
	at cpw.mods.modlauncher.BootstrapLaunchConsumer.accept(BootstrapLaunchConsumer.java:23) ~[modlauncher-10.0.9.jar%2353!/:?]
	at cpw.mods.bootstraplauncher.BootstrapLauncher.main(BootstrapLauncher.java:141) ~[bootstraplauncher-1.1.2.jar:?]
[08Dec2025 18:05:19.954] [main/ERROR] [net.minecraft.world.item.crafting.RecipeManager/]: Parsing error loading recipe netherdungeons:crafting/chiseled_polished_gilded_blackstone
com.google.gson.JsonSyntaxException: Unknown item 'netherdungeons:polished_gilded_blackstone_slab'
	at net.minecraft.world.item.crafting.ShapedRecipe.m_151280_(ShapedRecipe.java:292) ~[server-1.20.1-20230612.114412-srg.jar%23261!/:?]
	at java.util.Optional.orElseThrow(Optional.java:403) ~[?:?]
	at net.minecraft.world.item.crafting.ShapedRecipe.m_151278_(ShapedRecipe.java:291) ~[server-1.20.1-20230612.114412-srg.jar%23261!/:?]
	at net.minecraft.world.item.crafting.Ingredient.m_43919_(Ingredient.java:219) ~[server-1.20.1-20230612.114412-srg.jar%23261!/:?]
	at net.minecraftforge.common.crafting.VanillaIngredientSerializer.parse(VanillaIngredientSerializer.java:27) ~[forge-1.20.1-47.3.7-universal.jar%23266!/:?]
	at net.minecraftforge.common.crafting.CraftingHelper.getIngredient(CraftingHelper.java:148) ~[forge-1.20.1-47.3.7-universal.jar%23266!/:?]
	at net.minecraft.world.item.crafting.Ingredient.m_288218_(Ingredient.java:194) ~[server-1.20.1-20230612.114412-srg.jar%23261!/:?]
	at net.minecraft.world.item.crafting.ShapedRecipe.m_44210_(ShapedRecipe.java:278) ~[server-1.20.1-20230612.114412-srg.jar%23261!/:?]
	at net.minecraft.world.item.crafting.ShapedRecipe$Serializer.m_6729_(ShapedRecipe.java:306) ~[server-1.20.1-20230612.114412-srg.jar%23261!/:?]
	at net.minecraft.world.item.crafting.ShapedRecipe$Serializer.m_6729_(ShapedRecipe.java:301) ~[server-1.20.1-20230612.114412-srg.jar%23261!/:?]
	at net.minecraftforge.common.extensions.IForgeRecipeSerializer.fromJson(IForgeRecipeSerializer.java:23) ~[forge-1.20.1-47.3.7-universal.jar%23266!/:?]
	at net.minecraft.world.item.crafting.RecipeManager.fromJson(RecipeManager.java:171) ~[server-1.20.1-20230612.114412-srg.jar%23261!/:?]
	at net.minecraft.world.item.crafting.RecipeManager.m_5787_(RecipeManager.java:67) ~[server-1.20.1-20230612.114412-srg.jar%23261!/:?]
	at net.minecraft.world.item.crafting.RecipeManager.m_5787_(RecipeManager.java:34) ~[server-1.20.1-20230612.114412-srg.jar%23261!/:?]
	at net.minecraft.server.packs.resources.SimplePreparableReloadListener.m_10789_(SimplePreparableReloadListener.java:13) ~[server-1.20.1-20230612.114412-srg.jar%23261!/:?]
	at java.util.concurrent.CompletableFuture$UniAccept.tryFire(CompletableFuture.java:718) ~[?:?]
	at java.util.concurrent.CompletableFuture$Completion.run(CompletableFuture.java:482) ~[?:?]
	at net.minecraft.server.packs.resources.SimpleReloadInstance.m_143940_(SimpleReloadInstance.java:69) ~[server-1.20.1-20230612.114412-srg.jar%23261!/:?]
	at net.minecraft.Util.m_214652_(Util.java:783) ~[server-1.20.1-20230612.114412-srg.jar%23261!/:?]
	at net.minecraft.Util.m_214679_(Util.java:772) ~[server-1.20.1-20230612.114412-srg.jar%23261!/:?]
	at net.minecraft.server.Main.main(Main.java:166) ~[server-1.20.1-20230612.114412-srg.jar%23261!/:?]
	at jdk.internal.reflect.NativeMethodAccessorImpl.invoke0(Native Method) ~[?:?]
	at jdk.internal.reflect.NativeMethodAccessorImpl.invoke(NativeMethodAccessorImpl.java:77) ~[?:?]
	at jdk.internal.reflect.DelegatingMethodAccessorImpl.invoke(DelegatingMethodAccessorImpl.java:43) ~[?:?]
	at java.lang.reflect.Method.invoke(Method.java:569) ~[?:?]
	at net.minecraftforge.fml.loading.targets.CommonLaunchHandler.runTarget(CommonLaunchHandler.java:111) ~[fmlloader-1.20.1-47.3.7.jar%2367!/:?]
	at net.minecraftforge.fml.loading.targets.CommonLaunchHandler.serverService(CommonLaunchHandler.java:103) ~[fmlloader-1.20.1-47.3.7.jar%2367!/:?]
	at net.minecraftforge.fml.loading.targets.CommonServerLaunchHandler.lambda$makeService$0(CommonServerLaunchHandler.java:27) ~[fmlloader-1.20.1-47.3.7.jar%2367!/:?]
	at cpw.mods.modlauncher.LaunchServiceHandlerDecorator.launch(LaunchServiceHandlerDecorator.java:30) ~[modlauncher-10.0.9.jar%2353!/:?]
	at cpw.mods.modlauncher.LaunchServiceHandler.launch(LaunchServiceHandler.java:53) ~[modlauncher-10.0.9.jar%2353!/:?]
	at cpw.mods.modlauncher.LaunchServiceHandler.launch(LaunchServiceHandler.java:71) ~[modlauncher-10.0.9.jar%2353!/:?]
	at cpw.mods.modlauncher.Launcher.run(Launcher.java:108) ~[modlauncher-10.0.9.jar%2353!/:?]
	at cpw.mods.modlauncher.Launcher.main(Launcher.java:78) ~[modlauncher-10.0.9.jar%2353!/:?]
	at cpw.mods.modlauncher.BootstrapLaunchConsumer.accept(BootstrapLaunchConsumer.java:26) ~[modlauncher-10.0.9.jar%2353!/:?]
	at cpw.mods.modlauncher.BootstrapLaunchConsumer.accept(BootstrapLaunchConsumer.java:23) ~[modlauncher-10.0.9.jar%2353!/:?]
	at cpw.mods.bootstraplauncher.BootstrapLauncher.main(BootstrapLauncher.java:141) ~[bootstraplauncher-1.1.2.jar:?]
[08Dec2025 18:05:19.967] [main/ERROR] [net.minecraft.world.item.crafting.RecipeManager/]: Parsing error loading recipe mynethersdelight:cutting/hoglin_sausage_alt
com.google.gson.JsonSyntaxException: Unknown item 'nethersdelight:hoglin_loin'
	at net.minecraft.world.item.crafting.ShapedRecipe.m_151280_(ShapedRecipe.java:292) ~[server-1.20.1-20230612.114412-srg.jar%23261!/:?]
	at java.util.Optional.orElseThrow(Optional.java:403) ~[?:?]
	at net.minecraft.world.item.crafting.ShapedRecipe.m_151278_(ShapedRecipe.java:291) ~[server-1.20.1-20230612.114412-srg.jar%23261!/:?]
	at net.minecraft.world.item.crafting.Ingredient.m_43919_(Ingredient.java:219) ~[server-1.20.1-20230612.114412-srg.jar%23261!/:?]
	at net.minecraftforge.common.crafting.VanillaIngredientSerializer.parse(VanillaIngredientSerializer.java:27) ~[forge-1.20.1-47.3.7-universal.jar%23266!/:?]
	at net.minecraftforge.common.crafting.CraftingHelper.getIngredient(CraftingHelper.java:148) ~[forge-1.20.1-47.3.7-universal.jar%23266!/:?]
	at net.minecraft.world.item.crafting.Ingredient.m_288218_(Ingredient.java:194) ~[server-1.20.1-20230612.114412-srg.jar%23261!/:?]
	at net.minecraft.world.item.crafting.Ingredient.m_43917_(Ingredient.java:189) ~[server-1.20.1-20230612.114412-srg.jar%23261!/:?]
	at vectorwing.farmersdelight.common.crafting.CuttingBoardRecipe$Serializer.readIngredients(CuttingBoardRecipe.java:195) ~[FarmersDelight-1.20.1-1.2.4.jar%23205!/:1.20.1-1.2.4]
	at vectorwing.farmersdelight.common.crafting.CuttingBoardRecipe$Serializer.fromJson(CuttingBoardRecipe.java:172) ~[FarmersDelight-1.20.1-1.2.4.jar%23205!/:1.20.1-1.2.4]
	at vectorwing.farmersdelight.common.crafting.CuttingBoardRecipe$Serializer.m_6729_(CuttingBoardRecipe.java:164) ~[FarmersDelight-1.20.1-1.2.4.jar%23205!/:1.20.1-1.2.4]
	at net.minecraftforge.common.extensions.IForgeRecipeSerializer.fromJson(IForgeRecipeSerializer.java:23) ~[forge-1.20.1-47.3.7-universal.jar%23266!/:?]
	at net.minecraft.world.item.crafting.RecipeManager.fromJson(RecipeManager.java:171) ~[server-1.20.1-20230612.114412-srg.jar%23261!/:?]
	at net.minecraft.world.item.crafting.RecipeManager.m_5787_(RecipeManager.java:67) ~[server-1.20.1-20230612.114412-srg.jar%23261!/:?]
	at net.minecraft.world.item.crafting.RecipeManager.m_5787_(RecipeManager.java:34) ~[server-1.20.1-20230612.114412-srg.jar%23261!/:?]
	at net.minecraft.server.packs.resources.SimplePreparableReloadListener.m_10789_(SimplePreparableReloadListener.java:13) ~[server-1.20.1-20230612.114412-srg.jar%23261!/:?]
	at java.util.concurrent.CompletableFuture$UniAccept.tryFire(CompletableFuture.java:718) ~[?:?]
	at java.util.concurrent.CompletableFuture$Completion.run(CompletableFuture.java:482) ~[?:?]
	at net.minecraft.server.packs.resources.SimpleReloadInstance.m_143940_(SimpleReloadInstance.java:69) ~[server-1.20.1-20230612.114412-srg.jar%23261!/:?]
	at net.minecraft.Util.m_214652_(Util.java:783) ~[server-1.20.1-20230612.114412-srg.jar%23261!/:?]
	at net.minecraft.Util.m_214679_(Util.java:772) ~[server-1.20.1-20230612.114412-srg.jar%23261!/:?]
	at net.minecraft.server.Main.main(Main.java:166) ~[server-1.20.1-20230612.114412-srg.jar%23261!/:?]
	at jdk.internal.reflect.NativeMethodAccessorImpl.invoke0(Native Method) ~[?:?]
	at jdk.internal.reflect.NativeMethodAccessorImpl.invoke(NativeMethodAccessorImpl.java:77) ~[?:?]
	at jdk.internal.reflect.DelegatingMethodAccessorImpl.invoke(DelegatingMethodAccessorImpl.java:43) ~[?:?]
	at java.lang.reflect.Method.invoke(Method.java:569) ~[?:?]
	at net.minecraftforge.fml.loading.targets.CommonLaunchHandler.runTarget(CommonLaunchHandler.java:111) ~[fmlloader-1.20.1-47.3.7.jar%2367!/:?]
	at net.minecraftforge.fml.loading.targets.CommonLaunchHandler.serverService(CommonLaunchHandler.java:103) ~[fmlloader-1.20.1-47.3.7.jar%2367!/:?]
	at net.minecraftforge.fml.loading.targets.CommonServerLaunchHandler.lambda$makeService$0(CommonServerLaunchHandler.java:27) ~[fmlloader-1.20.1-47.3.7.jar%2367!/:?]
	at cpw.mods.modlauncher.LaunchServiceHandlerDecorator.launch(LaunchServiceHandlerDecorator.java:30) ~[modlauncher-10.0.9.jar%2353!/:?]
	at cpw.mods.modlauncher.LaunchServiceHandler.launch(LaunchServiceHandler.java:53) ~[modlauncher-10.0.9.jar%2353!/:?]
	at cpw.mods.modlauncher.LaunchServiceHandler.launch(LaunchServiceHandler.java:71) ~[modlauncher-10.0.9.jar%2353!/:?]
	at cpw.mods.modlauncher.Launcher.run(Launcher.java:108) ~[modlauncher-10.0.9.jar%2353!/:?]
	at cpw.mods.modlauncher.Launcher.main(Launcher.java:78) ~[modlauncher-10.0.9.jar%2353!/:?]
	at cpw.mods.modlauncher.BootstrapLaunchConsumer.accept(BootstrapLaunchConsumer.java:26) ~[modlauncher-10.0.9.jar%2353!/:?]
	at cpw.mods.modlauncher.BootstrapLaunchConsumer.accept(BootstrapLaunchConsumer.java:23) ~[modlauncher-10.0.9.jar%2353!/:?]
	at cpw.mods.bootstraplauncher.BootstrapLauncher.main(BootstrapLauncher.java:141) ~[bootstraplauncher-1.1.2.jar:?]
[08Dec2025 18:05:20.634] [main/ERROR] [net.minecraft.world.item.crafting.RecipeManager/]: Parsing error loading recipe conditional:create/mixing/cherry_wine_mixing
com.google.gson.JsonSyntaxException: Unknown item 'vinery:dark_cherry'
	at net.minecraft.world.item.crafting.ShapedRecipe.m_151280_(ShapedRecipe.java:292) ~[server-1.20.1-20230612.114412-srg.jar%23261!/:?]
	at java.util.Optional.orElseThrow(Optional.java:403) ~[?:?]
	at net.minecraft.world.item.crafting.ShapedRecipe.m_151278_(ShapedRecipe.java:291) ~[server-1.20.1-20230612.114412-srg.jar%23261!/:?]
	at net.minecraft.world.item.crafting.Ingredient.m_43919_(Ingredient.java:219) ~[server-1.20.1-20230612.114412-srg.jar%23261!/:?]
	at net.minecraftforge.common.crafting.VanillaIngredientSerializer.parse(VanillaIngredientSerializer.java:27) ~[forge-1.20.1-47.3.7-universal.jar%23266!/:?]
	at net.minecraftforge.common.crafting.CraftingHelper.getIngredient(CraftingHelper.java:148) ~[forge-1.20.1-47.3.7-universal.jar%23266!/:?]
	at net.minecraft.world.item.crafting.Ingredient.m_288218_(Ingredient.java:194) ~[server-1.20.1-20230612.114412-srg.jar%23261!/:?]
	at net.minecraft.world.item.crafting.Ingredient.m_43917_(Ingredient.java:189) ~[server-1.20.1-20230612.114412-srg.jar%23261!/:?]
	at com.simibubi.create.content.processing.recipe.ProcessingRecipeSerializer.readFromJson(ProcessingRecipeSerializer.java:66) ~[create-1.20.1-6.0.8.jar%23197!/:6.0.8]
	at com.simibubi.create.content.processing.recipe.ProcessingRecipeSerializer.fromJson(ProcessingRecipeSerializer.java:154) ~[create-1.20.1-6.0.8.jar%23197!/:6.0.8]
	at com.simibubi.create.content.processing.recipe.ProcessingRecipeSerializer.m_6729_(ProcessingRecipeSerializer.java:21) ~[create-1.20.1-6.0.8.jar%23197!/:6.0.8]
	at net.minecraftforge.common.extensions.IForgeRecipeSerializer.fromJson(IForgeRecipeSerializer.java:23) ~[forge-1.20.1-47.3.7-universal.jar%23266!/:?]
	at net.minecraft.world.item.crafting.RecipeManager.fromJson(RecipeManager.java:171) ~[server-1.20.1-20230612.114412-srg.jar%23261!/:?]
	at net.minecraft.world.item.crafting.RecipeManager.m_44045_(RecipeManager.java:164) ~[server-1.20.1-20230612.114412-srg.jar%23261!/:?]
	at net.minecraftforge.common.crafting.ConditionalRecipe$Serializer.fromJson(ConditionalRecipe.java:57) ~[forge-1.20.1-47.3.7-universal.jar%23266!/:?]
	at net.minecraftforge.common.crafting.ConditionalRecipe$Serializer.m_6729_(ConditionalRecipe.java:43) ~[forge-1.20.1-47.3.7-universal.jar%23266!/:?]
	at de.cristelknight.doapi.forge.DoApiEPImpl.fromJson(DoApiEPImpl.java:42) ~[letsdo-API-forge-1.2.13-forge.jar%23217!/:?]
	at de.cristelknight.doapi.DoApiEP.fromJson(DoApiEP.java) ~[letsdo-API-forge-1.2.13-forge.jar%23217!/:?]
	at de.cristelknight.doapi.common.recipe.SimpleConditionalRecipe$Serializer.m_6729_(SimpleConditionalRecipe.java:22) ~[letsdo-API-forge-1.2.13-forge.jar%23217!/:?]
	at net.minecraftforge.common.extensions.IForgeRecipeSerializer.fromJson(IForgeRecipeSerializer.java:23) ~[forge-1.20.1-47.3.7-universal.jar%23266!/:?]
	at net.minecraft.world.item.crafting.RecipeManager.fromJson(RecipeManager.java:171) ~[server-1.20.1-20230612.114412-srg.jar%23261!/:?]
	at net.minecraft.world.item.crafting.RecipeManager.m_5787_(RecipeManager.java:67) ~[server-1.20.1-20230612.114412-srg.jar%23261!/:?]
	at net.minecraft.world.item.crafting.RecipeManager.m_5787_(RecipeManager.java:34) ~[server-1.20.1-20230612.114412-srg.jar%23261!/:?]
	at net.minecraft.server.packs.resources.SimplePreparableReloadListener.m_10789_(SimplePreparableReloadListener.java:13) ~[server-1.20.1-20230612.114412-srg.jar%23261!/:?]
	at java.util.concurrent.CompletableFuture$UniAccept.tryFire(CompletableFuture.java:718) ~[?:?]
	at java.util.concurrent.CompletableFuture$Completion.run(CompletableFuture.java:482) ~[?:?]
	at net.minecraft.server.packs.resources.SimpleReloadInstance.m_143940_(SimpleReloadInstance.java:69) ~[server-1.20.1-20230612.114412-srg.jar%23261!/:?]
	at net.minecraft.Util.m_214652_(Util.java:783) ~[server-1.20.1-20230612.114412-srg.jar%23261!/:?]
	at net.minecraft.Util.m_214679_(Util.java:772) ~[server-1.20.1-20230612.114412-srg.jar%23261!/:?]
	at net.minecraft.server.Main.main(Main.java:166) ~[server-1.20.1-20230612.114412-srg.jar%23261!/:?]
	at jdk.internal.reflect.NativeMethodAccessorImpl.invoke0(Native Method) ~[?:?]
	at jdk.internal.reflect.NativeMethodAccessorImpl.invoke(NativeMethodAccessorImpl.java:77) ~[?:?]
	at jdk.internal.reflect.DelegatingMethodAccessorImpl.invoke(DelegatingMethodAccessorImpl.java:43) ~[?:?]
	at java.lang.reflect.Method.invoke(Method.java:569) ~[?:?]
	at net.minecraftforge.fml.loading.targets.CommonLaunchHandler.runTarget(CommonLaunchHandler.java:111) ~[fmlloader-1.20.1-47.3.7.jar%2367!/:?]
	at net.minecraftforge.fml.loading.targets.CommonLaunchHandler.serverService(CommonLaunchHandler.java:103) ~[fmlloader-1.20.1-47.3.7.jar%2367!/:?]
	at net.minecraftforge.fml.loading.targets.CommonServerLaunchHandler.lambda$makeService$0(CommonServerLaunchHandler.java:27) ~[fmlloader-1.20.1-47.3.7.jar%2367!/:?]
	at cpw.mods.modlauncher.LaunchServiceHandlerDecorator.launch(LaunchServiceHandlerDecorator.java:30) ~[modlauncher-10.0.9.jar%2353!/:?]
	at cpw.mods.modlauncher.LaunchServiceHandler.launch(LaunchServiceHandler.java:53) ~[modlauncher-10.0.9.jar%2353!/:?]
	at cpw.mods.modlauncher.LaunchServiceHandler.launch(LaunchServiceHandler.java:71) ~[modlauncher-10.0.9.jar%2353!/:?]
	at cpw.mods.modlauncher.Launcher.run(Launcher.java:108) ~[modlauncher-10.0.9.jar%2353!/:?]
	at cpw.mods.modlauncher.Launcher.main(Launcher.java:78) ~[modlauncher-10.0.9.jar%2353!/:?]
	at cpw.mods.modlauncher.BootstrapLaunchConsumer.accept(BootstrapLaunchConsumer.java:26) ~[modlauncher-10.0.9.jar%2353!/:?]
	at cpw.mods.modlauncher.BootstrapLaunchConsumer.accept(BootstrapLaunchConsumer.java:23) ~[modlauncher-10.0.9.jar%2353!/:?]
	at cpw.mods.bootstraplauncher.BootstrapLauncher.main(BootstrapLauncher.java:141) ~[bootstraplauncher-1.1.2.jar:?]
[08Dec2025 18:05:20.644] [main/ERROR] [net.minecraft.world.item.crafting.RecipeManager/]: Parsing error loading recipe useless_sword:hemolymph_broadsword_recipe
com.google.gson.JsonSyntaxException: Unknown item 'alexsmobs:hemolymph_sac'
	at net.minecraft.world.item.crafting.ShapedRecipe.m_151280_(ShapedRecipe.java:292) ~[server-1.20.1-20230612.114412-srg.jar%23261!/:?]
	at java.util.Optional.orElseThrow(Optional.java:403) ~[?:?]
	at net.minecraft.world.item.crafting.ShapedRecipe.m_151278_(ShapedRecipe.java:291) ~[server-1.20.1-20230612.114412-srg.jar%23261!/:?]
	at net.minecraft.world.item.crafting.Ingredient.m_43919_(Ingredient.java:219) ~[server-1.20.1-20230612.114412-srg.jar%23261!/:?]
	at net.minecraftforge.common.crafting.VanillaIngredientSerializer.parse(VanillaIngredientSerializer.java:27) ~[forge-1.20.1-47.3.7-universal.jar%23266!/:?]
	at net.minecraftforge.common.crafting.CraftingHelper.getIngredient(CraftingHelper.java:148) ~[forge-1.20.1-47.3.7-universal.jar%23266!/:?]
	at net.minecraft.world.item.crafting.Ingredient.m_288218_(Ingredient.java:194) ~[server-1.20.1-20230612.114412-srg.jar%23261!/:?]
	at net.minecraft.world.item.crafting.ShapedRecipe.m_44210_(ShapedRecipe.java:278) ~[server-1.20.1-20230612.114412-srg.jar%23261!/:?]
	at net.minecraft.world.item.crafting.ShapedRecipe$Serializer.m_6729_(ShapedRecipe.java:306) ~[server-1.20.1-20230612.114412-srg.jar%23261!/:?]
	at net.minecraft.world.item.crafting.ShapedRecipe$Serializer.m_6729_(ShapedRecipe.java:301) ~[server-1.20.1-20230612.114412-srg.jar%23261!/:?]
	at net.minecraftforge.common.extensions.IForgeRecipeSerializer.fromJson(IForgeRecipeSerializer.java:23) ~[forge-1.20.1-47.3.7-universal.jar%23266!/:?]
	at net.minecraft.world.item.crafting.RecipeManager.fromJson(RecipeManager.java:171) ~[server-1.20.1-20230612.114412-srg.jar%23261!/:?]
	at net.minecraft.world.item.crafting.RecipeManager.m_5787_(RecipeManager.java:67) ~[server-1.20.1-20230612.114412-srg.jar%23261!/:?]
	at net.minecraft.world.item.crafting.RecipeManager.m_5787_(RecipeManager.java:34) ~[server-1.20.1-20230612.114412-srg.jar%23261!/:?]
	at net.minecraft.server.packs.resources.SimplePreparableReloadListener.m_10789_(SimplePreparableReloadListener.java:13) ~[server-1.20.1-20230612.114412-srg.jar%23261!/:?]
	at java.util.concurrent.CompletableFuture$UniAccept.tryFire(CompletableFuture.java:718) ~[?:?]
	at java.util.concurrent.CompletableFuture$Completion.run(CompletableFuture.java:482) ~[?:?]
	at net.minecraft.server.packs.resources.SimpleReloadInstance.m_143940_(SimpleReloadInstance.java:69) ~[server-1.20.1-20230612.114412-srg.jar%23261!/:?]
	at net.minecraft.Util.m_214652_(Util.java:783) ~[server-1.20.1-20230612.114412-srg.jar%23261!/:?]
	at net.minecraft.Util.m_214679_(Util.java:772) ~[server-1.20.1-20230612.114412-srg.jar%23261!/:?]
	at net.minecraft.server.Main.main(Main.java:166) ~[server-1.20.1-20230612.114412-srg.jar%23261!/:?]
	at jdk.internal.reflect.NativeMethodAccessorImpl.invoke0(Native Method) ~[?:?]
	at jdk.internal.reflect.NativeMethodAccessorImpl.invoke(NativeMethodAccessorImpl.java:77) ~[?:?]
	at jdk.internal.reflect.DelegatingMethodAccessorImpl.invoke(DelegatingMethodAccessorImpl.java:43) ~[?:?]
	at java.lang.reflect.Method.invoke(Method.java:569) ~[?:?]
	at net.minecraftforge.fml.loading.targets.CommonLaunchHandler.runTarget(CommonLaunchHandler.java:111) ~[fmlloader-1.20.1-47.3.7.jar%2367!/:?]
	at net.minecraftforge.fml.loading.targets.CommonLaunchHandler.serverService(CommonLaunchHandler.java:103) ~[fmlloader-1.20.1-47.3.7.jar%2367!/:?]
	at net.minecraftforge.fml.loading.targets.CommonServerLaunchHandler.lambda$makeService$0(CommonServerLaunchHandler.java:27) ~[fmlloader-1.20.1-47.3.7.jar%2367!/:?]
	at cpw.mods.modlauncher.LaunchServiceHandlerDecorator.launch(LaunchServiceHandlerDecorator.java:30) ~[modlauncher-10.0.9.jar%2353!/:?]
	at cpw.mods.modlauncher.LaunchServiceHandler.launch(LaunchServiceHandler.java:53) ~[modlauncher-10.0.9.jar%2353!/:?]
	at cpw.mods.modlauncher.LaunchServiceHandler.launch(LaunchServiceHandler.java:71) ~[modlauncher-10.0.9.jar%2353!/:?]
	at cpw.mods.modlauncher.Launcher.run(Launcher.java:108) ~[modlauncher-10.0.9.jar%2353!/:?]
	at cpw.mods.modlauncher.Launcher.main(Launcher.java:78) ~[modlauncher-10.0.9.jar%2353!/:?]
	at cpw.mods.modlauncher.BootstrapLaunchConsumer.accept(BootstrapLaunchConsumer.java:26) ~[modlauncher-10.0.9.jar%2353!/:?]
	at cpw.mods.modlauncher.BootstrapLaunchConsumer.accept(BootstrapLaunchConsumer.java:23) ~[modlauncher-10.0.9.jar%2353!/:?]
	at cpw.mods.bootstraplauncher.BootstrapLauncher.main(BootstrapLauncher.java:141) ~[bootstraplauncher-1.1.2.jar:?]
[08Dec2025 18:05:20.672] [main/INFO] [net.minecraft.world.item.crafting.RecipeManager/]: Loaded 42 recipes
[08Dec2025 18:05:20.721] [main/ERROR] [net.minecraft.server.ServerAdvancementManager/]: Parsing error loading custom advancement useless_sword:swordmaster: Expected item to be an item, was unknown string 'useless_sword:withersword'
[08Dec2025 18:05:20.828] [main/ERROR] [net.minecraft.server.ServerAdvancementManager/]: Parsing error loading custom advancement beautify:progression/candelabra: Expected item to be an item, was unknown string 'beautify:lamp_candleabra'
[08Dec2025 18:05:20.864] [main/INFO] [net.minecraft.advancements.AdvancementList/]: Loaded 5042 advancements
[08Dec2025 18:05:20.883] [main/INFO] [top.theillusivec4.curios.Curios/]: Loaded 13 curio slots
[08Dec2025 18:05:20.893] [main/INFO] [top.theillusivec4.curios.Curios/]: Loaded 10 curio entities
[08Dec2025 18:05:20.895] [main/ERROR] [bettervillage/]: Ice And Fire compatibility is not enabled for Better Village and Ice And Fire is present in your mod list.
     - Please install the datapack for better compatibility between Better Villages and Ice And Fire.
     - You can find the datapack URL in the `compatibility` section of the Better Villages description.
     - URL=https://www.curseforge.com/minecraft/mc-mods/better-village-forge
[08Dec2025 18:05:21.010] [main/WARN] [net.minecraft.core.MappedRegistry/]: Not all defined tags for registry ResourceKey[minecraft:root / minecraft:worldgen/biome] are present in data pack: minecraft:is_plains
[08Dec2025 18:05:25.585] [main/INFO] [zeta-internal/]: Dispatching ZTagsUpdated to 1 listener
[08Dec2025 18:05:26.041] [Server thread/INFO] [net.minecraft.server.dedicated.DedicatedServer/]: Starting minecraft server version 1.20.1
[08Dec2025 18:05:26.041] [Server thread/INFO] [net.minecraft.server.dedicated.DedicatedServer/]: Loading properties
[08Dec2025 18:05:26.041] [Server thread/INFO] [net.minecraft.server.dedicated.DedicatedServer/]: Default game type: SURVIVAL
[08Dec2025 18:05:26.041] [Server thread/INFO] [net.minecraft.server.MinecraftServer/]: Generating keypair
[08Dec2025 18:05:26.162] [Server thread/INFO] [net.minecraft.server.dedicated.DedicatedServer/]: Starting Minecraft server on *:25565
[08Dec2025 18:05:26.186] [Server thread/INFO] [net.minecraft.server.network.ServerConnectionListener/]: Using epoll channel type
[08Dec2025 18:05:26.271] [Server thread/WARN] [net.minecraft.server.dedicated.DedicatedServer/]: **** SERVER IS RUNNING IN OFFLINE/INSECURE MODE!
[08Dec2025 18:05:26.271] [Server thread/WARN] [net.minecraft.server.dedicated.DedicatedServer/]: The server will make no attempt to authenticate usernames. Beware.
[08Dec2025 18:05:26.271] [Server thread/WARN] [net.minecraft.server.dedicated.DedicatedServer/]: While this makes the game possible to play without internet access, it also opens up the ability for hackers to connect with any username they choose.
[08Dec2025 18:05:26.271] [Server thread/WARN] [net.minecraft.server.dedicated.DedicatedServer/]: To change this, set "online-mode" to "true" in the server.properties file.
[08Dec2025 18:05:26.298] [Server thread/INFO] [Puzzles Lib/]: Loading server config for enchantinginfuser
[08Dec2025 18:05:26.300] [Thread-1/INFO] [Puzzles Lib/]: Reloading server config for enchantinginfuser
[08Dec2025 18:05:26.301] [Server thread/INFO] [journeymap/]: Loading JourneyMap Forge Configs
[08Dec2025 18:05:26.302] [Thread-1/INFO] [Puzzles Lib/]: Reloading server config for enchantinginfuser
[08Dec2025 18:05:26.530] [Server thread/INFO] [Framework/]: Loading server configs...
[08Dec2025 18:05:26.572] [Server thread/INFO] [terrablender/]: Initialized TerraBlender biomes for level stem minecraft:the_nether
[08Dec2025 18:05:26.802] [Server thread/INFO] [terrablender/]: Initialized TerraBlender biomes for level stem minecraft:overworld
[08Dec2025 18:05:26.802] [Server thread/INFO] [net.minecraft.server.dedicated.DedicatedServer/]: Preparing level "world"
[08Dec2025 18:05:31.551] [Server thread/INFO] [net.minecraft.server.MinecraftServer/]: Preparing start region for dimension minecraft:overworld
[08Dec2025 18:05:41.855] [Worker-Main-1/INFO] [net.minecraft.server.level.progress.LoggerChunkProgressListener/]: Preparing spawn area: 0%
[08Dec2025 18:05:41.855] [Worker-Main-3/INFO] [net.minecraft.server.level.progress.LoggerChunkProgressListener/]: Preparing spawn area: 0%
[08Dec2025 18:05:41.856] [Worker-Main-3/INFO] [net.minecraft.server.level.progress.LoggerChunkProgressListener/]: Preparing spawn area: 0%
[08Dec2025 18:05:41.857] [Worker-Main-2/INFO] [net.minecraft.server.level.progress.LoggerChunkProgressListener/]: Preparing spawn area: 0%
[08Dec2025 18:05:41.857] [Worker-Main-2/INFO] [net.minecraft.server.level.progress.LoggerChunkProgressListener/]: Preparing spawn area: 0%
[08Dec2025 18:05:41.858] [Worker-Main-2/INFO] [net.minecraft.server.level.progress.LoggerChunkProgressListener/]: Preparing spawn area: 0%
[08Dec2025 18:05:41.858] [Worker-Main-2/INFO] [net.minecraft.server.level.progress.LoggerChunkProgressListener/]: Preparing spawn area: 0%
[08Dec2025 18:05:41.859] [Worker-Main-2/INFO] [net.minecraft.server.level.progress.LoggerChunkProgressListener/]: Preparing spawn area: 0%
[08Dec2025 18:05:41.859] [Worker-Main-3/INFO] [net.minecraft.server.level.progress.LoggerChunkProgressListener/]: Preparing spawn area: 0%
[08Dec2025 18:05:41.860] [Worker-Main-3/INFO] [net.minecraft.server.level.progress.LoggerChunkProgressListener/]: Preparing spawn area: 0%
[08Dec2025 18:05:41.861] [Worker-Main-2/INFO] [net.minecraft.server.level.progress.LoggerChunkProgressListener/]: Preparing spawn area: 0%
[08Dec2025 18:05:41.861] [Worker-Main-2/INFO] [net.minecraft.server.level.progress.LoggerChunkProgressListener/]: Preparing spawn area: 0%
[08Dec2025 18:05:41.862] [Worker-Main-2/INFO] [net.minecraft.server.level.progress.LoggerChunkProgressListener/]: Preparing spawn area: 0%
[08Dec2025 18:05:41.863] [Worker-Main-2/INFO] [net.minecraft.server.level.progress.LoggerChunkProgressListener/]: Preparing spawn area: 0%
[08Dec2025 18:05:41.864] [Worker-Main-2/INFO] [net.minecraft.server.level.progress.LoggerChunkProgressListener/]: Preparing spawn area: 0%
[08Dec2025 18:05:41.867] [Worker-Main-3/INFO] [net.minecraft.server.level.progress.LoggerChunkProgressListener/]: Preparing spawn area: 0%
[08Dec2025 18:05:41.868] [Worker-Main-3/INFO] [net.minecraft.server.level.progress.LoggerChunkProgressListener/]: Preparing spawn area: 0%
[08Dec2025 18:05:41.868] [Worker-Main-3/INFO] [net.minecraft.server.level.progress.LoggerChunkProgressListener/]: Preparing spawn area: 0%
[08Dec2025 18:05:41.873] [Worker-Main-2/INFO] [net.minecraft.server.level.progress.LoggerChunkProgressListener/]: Preparing spawn area: 0%
[08Dec2025 18:05:41.874] [Worker-Main-2/INFO] [net.minecraft.server.level.progress.LoggerChunkProgressListener/]: Preparing spawn area: 0%
[08Dec2025 18:05:41.875] [Worker-Main-3/INFO] [net.minecraft.server.level.progress.LoggerChunkProgressListener/]: Preparing spawn area: 0%
[08Dec2025 18:05:42.054] [Worker-Main-1/INFO] [net.minecraft.server.level.progress.LoggerChunkProgressListener/]: Preparing spawn area: 0%
[08Dec2025 18:05:42.554] [Worker-Main-2/INFO] [net.minecraft.server.level.progress.LoggerChunkProgressListener/]: Preparing spawn area: 6%
[08Dec2025 18:05:42.735] [Server thread/INFO] [Easy NPC/]: Initialized SynchedEntityData for Pig['entity.easy_npc.pig'/21, l='ServerLevel[world]', x=0.00, y=0.00, z=0.00] (class de.markusbordihn.easynpc.entity.easynpc.npc.Pig) with {ATTACK_IS_AGGRESSIVE=<entity data: 17>, ATTACK_IS_CHARGING_CROSSBOW=<entity data: 18>, ATTRIBUTE_CAN_BE_LEASHED=<entity data: 20>, ATTRIBUTE_CAN_CLOSE_DOOR=<entity data: 22>, ATTRIBUTE_CAN_FLOAT=<entity data: 21>, ATTRIBUTE_CAN_OPEN_DOOR=<entity data: 23>, ATTRIBUTE_CAN_PASS_DOOR=<entity data: 24>, ATTRIBUTE_CAN_USE_NETHER_PORTAL=<entity data: 25>, ATTRIBUTE_DATA_LOADED=<entity data: 19>, ATTRIBUTE_FREEFALL=<entity data: 26>, ATTRIBUTE_IS_ATTACKABLE=<entity data: 27>, ATTRIBUTE_IS_PUSHABLE=<entity data: 28>, ATTRIBUTE_LIGHT_LEVEL=<entity data: 30>, ATTRIBUTE_PUSH_ENTITIES=<entity data: 29>, MODEL_ARMS_POSITION=<entity data: 58>, MODEL_ARMS_ROTATION=<entity data: 66>, MODEL_ARMS_SCALE=<entity data: 50>, MODEL_ARMS_VISIBLE=<entity data: 74>, MODEL_BODY_POSITION=<entity data: 57>, MODEL_BODY_ROTATION=<entity data: 65>, MODEL_BODY_SCALE=<entity data: 49>, MODEL_BODY_VISIBLE=<entity data: 73>, MODEL_BOOTS_VISIBLE=<entity data: 82>, MODEL_CHESTPLATE_VISIBLE=<entity data: 80>, MODEL_HEAD_POSITION=<entity data: 56>, MODEL_HEAD_ROTATION=<entity data: 64>, MODEL_HEAD_SCALE=<entity data: 48>, MODEL_HEAD_VISIBLE=<entity data: 72>, MODEL_HELMET_VISIBLE=<entity data: 79>, MODEL_LEFT_ARM_POSITION=<entity data: 59>, MODEL_LEFT_ARM_ROTATION=<entity data: 67>, MODEL_LEFT_ARM_SCALE=<entity data: 51>, MODEL_LEFT_ARM_VISIBLE=<entity data: 75>, MODEL_LEFT_LEG_POSITION=<entity data: 61>, MODEL_LEFT_LEG_ROTATION=<entity data: 69>, MODEL_LEFT_LEG_SCALE=<entity data: 53>, MODEL_LEFT_LEG_VISIBLE=<entity data: 77>, MODEL_LEGGINGS_VISIBLE=<entity data: 81>, MODEL_LOCK_ROTATION=<entity data: 63>, MODEL_POSE=<entity data: 47>, MODEL_RIGHT_ARM_POSITION=<entity data: 60>, MODEL_RIGHT_ARM_ROTATION=<entity data: 68>, MODEL_RIGHT_ARM_SCALE=<entity data: 52>, MODEL_RIGHT_ARM_VISIBLE=<entity data: 76>, MODEL_RIGHT_LEG_POSITION=<entity data: 62>, MODEL_RIGHT_LEG_ROTATION=<entity data: 70>, MODEL_RIGHT_LEG_SCALE=<entity data: 54>, MODEL_RIGHT_LEG_VISIBLE=<entity data: 78>, MODEL_ROOT_ROTATION=<entity data: 71>, MODEL_SMART_ANIMATIONS=<entity data: 55>, NAVIGATION_HOME_POSITION=<entity data: 31>, OWNER_UUID=<entity data: 32>, PROFESSION=<entity data: 33>, SCALE_X=<entity data: 83>, SCALE_Y=<entity data: 84>, SCALE_Z=<entity data: 85>, SKIN_NAME=<entity data: 35>, SKIN_TYPE=<entity data: 38>, SKIN_URL=<entity data: 36>, SKIN_UUID=<entity data: 37>, SOUND_DATA_SET=<entity data: 39>, TRADING_BASIC_MAX_USES=<entity data: 44>, TRADING_BASIC_REWARDED_XP=<entity data: 45>, TRADING_INVENTORY=<entity data: 40>, TRADING_MERCHANT_OFFERS=<entity data: 41>, TRADING_RESETS_EVERY_MIN=<entity data: 43>, TRADING_TYPE=<entity data: 42>, VARIANT=<entity data: 46>, RENDER_DATA=<entity data: 34>}
[08Dec2025 18:05:42.740] [Server thread/INFO] [Easy NPC/]: Register default handler for Pig['entity.easy_npc.pig'/21, l='ServerLevel[world]', x=0.00, y=0.00, z=0.00] with variant DEFAULT ...
[08Dec2025 18:05:42.741] [Server thread/INFO] [Easy NPC/]: Define custom server-side data for Pig['entity.easy_npc.pig'/21, l='ServerLevel[world]', x=0.00, y=0.00, z=0.00] ...
[08Dec2025 18:05:43.054] [Worker-Main-2/INFO] [net.minecraft.server.level.progress.LoggerChunkProgressListener/]: Preparing spawn area: 42%
[08Dec2025 18:05:43.347] [Server thread/INFO] [net.minecraft.server.level.progress.LoggerChunkProgressListener/]: Time elapsed: 11794 ms
[08Dec2025 18:05:43.348] [Server thread/INFO] [net.minecraft.server.dedicated.DedicatedServer/]: Done (17.064s)! For help, type "help"
[08Dec2025 18:05:43.424] [Server thread/INFO] [net.minecraftforge.server.permission.PermissionAPI/]: Successfully initialized permission handler forge:default_handler
[08Dec2025 18:05:43.464] [Server thread/INFO] [com.github.alexthe666.iceandfire.IceAndFire/]: {iceandfire:fire_dragon_roost=true, iceandfire:fire_lily=true, iceandfire:spawn_dragon_skeleton_fire=true, iceandfire:lightning_dragon_roost=true, iceandfire:spawn_dragon_skeleton_lightning=true, iceandfire:ice_dragon_roost=true, iceandfire:ice_dragon_cave=true, iceandfire:lightning_dragon_cave=true, iceandfire:cyclops_cave=true, iceandfire:spawn_wandering_cyclops=true, iceandfire:spawn_sea_serpent=true, iceandfire:frost_lily=true, iceandfire:hydra_cave=true, iceandfire:lightning_lily=true, iceandfire:pixie_village=true, iceandfire:myrmex_hive_jungle=true, iceandfire:myrmex_hive_desert=true, iceandfire:silver_ore=true, iceandfire:siren_island=true, iceandfire:spawn_dragon_skeleton_ice=true, iceandfire:spawn_stymphalian_bird=true, iceandfire:fire_dragon_cave=true, iceandfire:sapphire_ore=true, iceandfire:spawn_hippocampus=true, iceandfire:spawn_death_worm=true}
[08Dec2025 18:05:43.464] [Server thread/INFO] [com.github.alexthe666.iceandfire.IceAndFire/]: {TROLL_S=true, HIPPOGRYPH=true, AMPHITHERE=true, COCKATRICE=true, TROLL_M=true, DREAD_LICH=true, TROLL_F=true}
[08Dec2025 18:05:43.465] [Server thread/INFO] [patchouli/]: Sending reload packet to clients
[08Dec2025 18:05:43.481] [Server thread/WARN] [voicechat/]: [voicechat] Running in offline mode - Voice chat encryption is not secure!
[08Dec2025 18:05:43.491] [VoiceChatServerThread/INFO] [voicechat/]: [voicechat] Voice host is 'mini-forget.gl.at.ply.gg:14199'
[08Dec2025 18:05:43.492] [VoiceChatServerThread/INFO] [voicechat/]: [voicechat] Voice chat server started at port 14199
[08Dec2025 18:08:07.427] [Server thread/INFO] [net.minecraft.server.players.PlayerList/]: dimipro123[/127.148.225.136:44479] logged in with entity id 111 at (1549.1146358954295, 38.0, 2372.9738238853547)
[08Dec2025 18:08:07.477] [Server thread/INFO] [net.minecraft.server.MinecraftServer/]: dimipro123 joined the game
[08Dec2025 18:08:10.306] [Server thread/INFO] [voicechat/]: [voicechat] Received secret request of dimipro123 (20)
[08Dec2025 18:08:10.308] [Server thread/INFO] [voicechat/]: [voicechat] Sent secret to dimipro123
[08Dec2025 18:08:10.354] [Server thread/WARN] [net.minecraft.server.MinecraftServer/]: Can't keep up! Is the server overloaded? Running 3063ms or 61 ticks behind
[08Dec2025 18:08:13.559] [Server thread/INFO] [com.simibubi.create.Create/]: RecipeTrie of depth 3 with 266 nodes built with 317 variants, 264 ingredients, and 267 recipes
[08Dec2025 18:08:17.777] [VoiceChatPacketProcessingThread/INFO] [voicechat/]: [voicechat] Successfully authenticated player de8bd99d-75ed-3bda-a348-6bc1e709e5ba
[08Dec2025 18:08:18.774] [VoiceChatPacketProcessingThread/INFO] [voicechat/]: [voicechat] Successfully validated connection of player de8bd99d-75ed-3bda-a348-6bc1e709e5ba
[08Dec2025 18:08:18.778] [VoiceChatPacketProcessingThread/INFO] [voicechat/]: [voicechat] Player dimipro123 (de8bd99d-75ed-3bda-a348-6bc1e709e5ba) successfully connected to voice chat
[08Dec2025 18:10:54.278] [Server thread/WARN] [net.minecraft.server.MinecraftServer/]: Can't keep up! Is the server overloaded? Running 2337ms or 46 ticks behind
[08Dec2025 18:12:07.860] [Server thread/INFO] [net.minecraft.server.players.PlayerList/]: zanderga123[/127.148.225.136:36505] logged in with entity id 2039 at (169.69999998807907, 50.0, 475.69999998807907)
[08Dec2025 18:12:07.878] [Server thread/INFO] [net.minecraft.server.MinecraftServer/]: zanderga123 joined the game
[08Dec2025 18:12:08.546] [Server thread/INFO] [voicechat/]: [voicechat] Received secret request of zanderga123 (20)
[08Dec2025 18:12:08.547] [Server thread/INFO] [voicechat/]: [voicechat] Sent secret to zanderga123
[08Dec2025 18:12:16.423] [VoiceChatPacketProcessingThread/INFO] [voicechat/]: [voicechat] Successfully authenticated player 4d045647-2c8c-368f-88e0-9f5a300d3056
[08Dec2025 18:12:18.425] [VoiceChatPacketProcessingThread/INFO] [voicechat/]: [voicechat] Successfully validated connection of player 4d045647-2c8c-368f-88e0-9f5a300d3056
[08Dec2025 18:12:18.426] [VoiceChatPacketProcessingThread/INFO] [voicechat/]: [voicechat] Player zanderga123 (4d045647-2c8c-368f-88e0-9f5a300d3056) successfully connected to voice chat
[08Dec2025 18:13:08.708] [Server thread/INFO] [net.minecraft.server.MinecraftServer/]: dimipro123 was shot by Piglin
[08Dec2025 18:18:21.916] [Server thread/INFO] [net.minecraft.server.MinecraftServer/]: [Not Secure] <zanderga123> [x:159, y:53, z:518, dim:minecraft:the_nether]
[08Dec2025 18:21:54.613] [Server thread/INFO] [net.minecraft.server.MinecraftServer/]: dimipro123 has reached the goal [Senior Summoner]
[08Dec2025 18:27:13.669] [Worker-Main-2/INFO] [com.aqutheseal.celestisynth.Celestisynth/]: CRATER GENERATED AT: -187 0 622
[08Dec2025 18:27:32.944] [Server thread/WARN] [net.minecraft.server.level.ServerLevel/]: Tried to add entity realmrpg_demons:demon_lord but it was marked as removed already
[08Dec2025 18:27:45.667] [Server thread/WARN] [net.minecraft.server.MinecraftServer/]: Can't keep up! Is the server overloaded? Running 12676ms or 253 ticks behind
[08Dec2025 18:29:20.195] [Server thread/WARN] [net.minecraft.server.MinecraftServer/]: Can't keep up! Is the server overloaded? Running 3704ms or 74 ticks behind
[08Dec2025 18:32:10.720] [Server thread/WARN] [net.minecraft.network.syncher.SynchedEntityData/]: defineId called for: class forge.net.mca.entity.ZombieVillagerEntityMCA from class forge.net.mca.util.network.datasync.CDataParameter
[08Dec2025 18:32:10.720] [Server thread/WARN] [net.minecraft.network.syncher.SynchedEntityData/]: defineId called for: class forge.net.mca.entity.ZombieVillagerEntityMCA from class forge.net.mca.util.network.datasync.CDataParameter
[08Dec2025 18:32:10.721] [Server thread/WARN] [net.minecraft.network.syncher.SynchedEntityData/]: defineId called for: class forge.net.mca.entity.ZombieVillagerEntityMCA from class forge.net.mca.util.network.datasync.CDataParameter
[08Dec2025 18:32:10.721] [Server thread/WARN] [net.minecraft.network.syncher.SynchedEntityData/]: defineId called for: class forge.net.mca.entity.ZombieVillagerEntityMCA from class forge.net.mca.util.network.datasync.CDataParameter
[08Dec2025 18:32:10.721] [Server thread/WARN] [net.minecraft.network.syncher.SynchedEntityData/]: defineId called for: class forge.net.mca.entity.ZombieVillagerEntityMCA from class forge.net.mca.util.network.datasync.CDataParameter
[08Dec2025 18:32:10.721] [Server thread/WARN] [net.minecraft.network.syncher.SynchedEntityData/]: defineId called for: class forge.net.mca.entity.ZombieVillagerEntityMCA from class forge.net.mca.util.network.datasync.CDataParameter
[08Dec2025 18:32:10.721] [Server thread/WARN] [net.minecraft.network.syncher.SynchedEntityData/]: defineId called for: class forge.net.mca.entity.ZombieVillagerEntityMCA from class forge.net.mca.util.network.datasync.CDataParameter
[08Dec2025 18:32:10.721] [Server thread/WARN] [net.minecraft.network.syncher.SynchedEntityData/]: defineId called for: class forge.net.mca.entity.ZombieVillagerEntityMCA from class forge.net.mca.util.network.datasync.CEnumParameter
[08Dec2025 18:32:10.722] [Server thread/WARN] [net.minecraft.network.syncher.SynchedEntityData/]: defineId called for: class forge.net.mca.entity.ZombieVillagerEntityMCA from class forge.net.mca.util.network.datasync.CDataParameter
[08Dec2025 18:32:10.722] [Server thread/WARN] [net.minecraft.network.syncher.SynchedEntityData/]: defineId called for: class forge.net.mca.entity.ZombieVillagerEntityMCA from class forge.net.mca.util.network.datasync.CDataParameter
[08Dec2025 18:32:10.722] [Server thread/WARN] [net.minecraft.network.syncher.SynchedEntityData/]: defineId called for: class forge.net.mca.entity.ZombieVillagerEntityMCA from class forge.net.mca.util.network.datasync.CDataParameter
[08Dec2025 18:32:10.722] [Server thread/WARN] [net.minecraft.network.syncher.SynchedEntityData/]: defineId called for: class forge.net.mca.entity.ZombieVillagerEntityMCA from class forge.net.mca.util.network.datasync.CDataParameter
[08Dec2025 18:32:10.722] [Server thread/WARN] [net.minecraft.network.syncher.SynchedEntityData/]: defineId called for: class forge.net.mca.entity.ZombieVillagerEntityMCA from class forge.net.mca.util.network.datasync.CDataParameter
[08Dec2025 18:32:10.723] [Server thread/WARN] [net.minecraft.network.syncher.SynchedEntityData/]: defineId called for: class forge.net.mca.entity.ZombieVillagerEntityMCA from class forge.net.mca.util.network.datasync.CDataParameter
[08Dec2025 18:32:10.723] [Server thread/WARN] [net.minecraft.network.syncher.SynchedEntityData/]: defineId called for: class forge.net.mca.entity.ZombieVillagerEntityMCA from class forge.net.mca.util.network.datasync.CDataParameter
[08Dec2025 18:32:10.723] [Server thread/WARN] [net.minecraft.network.syncher.SynchedEntityData/]: defineId called for: class forge.net.mca.entity.ZombieVillagerEntityMCA from class forge.net.mca.util.network.datasync.CDataParameter
[08Dec2025 18:32:10.723] [Server thread/WARN] [net.minecraft.network.syncher.SynchedEntityData/]: defineId called for: class forge.net.mca.entity.ZombieVillagerEntityMCA from class forge.net.mca.util.network.datasync.CDataParameter
[08Dec2025 18:32:10.724] [Server thread/WARN] [net.minecraft.network.syncher.SynchedEntityData/]: defineId called for: class forge.net.mca.entity.ZombieVillagerEntityMCA from class forge.net.mca.util.network.datasync.CDataParameter
[08Dec2025 18:32:10.724] [Server thread/WARN] [net.minecraft.network.syncher.SynchedEntityData/]: defineId called for: class forge.net.mca.entity.ZombieVillagerEntityMCA from class forge.net.mca.util.network.datasync.CDataParameter
[08Dec2025 18:32:10.724] [Server thread/WARN] [net.minecraft.network.syncher.SynchedEntityData/]: defineId called for: class forge.net.mca.entity.ZombieVillagerEntityMCA from class forge.net.mca.util.network.datasync.CEnumParameter
[08Dec2025 18:32:10.724] [Server thread/WARN] [net.minecraft.network.syncher.SynchedEntityData/]: defineId called for: class forge.net.mca.entity.ZombieVillagerEntityMCA from class forge.net.mca.util.network.datasync.CDataParameter
[08Dec2025 18:32:10.724] [Server thread/WARN] [net.minecraft.network.syncher.SynchedEntityData/]: defineId called for: class forge.net.mca.entity.ZombieVillagerEntityMCA from class forge.net.mca.util.network.datasync.CDataParameter
[08Dec2025 18:32:10.725] [Server thread/WARN] [net.minecraft.network.syncher.SynchedEntityData/]: defineId called for: class forge.net.mca.entity.ZombieVillagerEntityMCA from class forge.net.mca.util.network.datasync.CEnumParameter
[08Dec2025 18:32:10.725] [Server thread/WARN] [net.minecraft.network.syncher.SynchedEntityData/]: defineId called for: class forge.net.mca.entity.ZombieVillagerEntityMCA from class forge.net.mca.util.network.datasync.CDataParameter
[08Dec2025 18:32:10.725] [Server thread/WARN] [net.minecraft.network.syncher.SynchedEntityData/]: defineId called for: class forge.net.mca.entity.ZombieVillagerEntityMCA from class forge.net.mca.util.network.datasync.CEnumParameter
[08Dec2025 18:32:10.725] [Server thread/WARN] [net.minecraft.network.syncher.SynchedEntityData/]: defineId called for: class forge.net.mca.entity.ZombieVillagerEntityMCA from class forge.net.mca.util.network.datasync.CEnumParameter
[08Dec2025 18:32:10.725] [Server thread/WARN] [net.minecraft.network.syncher.SynchedEntityData/]: defineId called for: class forge.net.mca.entity.ZombieVillagerEntityMCA from class forge.net.mca.util.network.datasync.CDataParameter
[08Dec2025 18:32:10.725] [Server thread/WARN] [net.minecraft.network.syncher.SynchedEntityData/]: defineId called for: class forge.net.mca.entity.ZombieVillagerEntityMCA from class forge.net.mca.util.network.datasync.CDataParameter
[08Dec2025 18:32:10.726] [Server thread/WARN] [net.minecraft.network.syncher.SynchedEntityData/]: defineId called for: class forge.net.mca.entity.ZombieVillagerEntityMCA from class forge.net.mca.util.network.datasync.CDataParameter
[08Dec2025 18:32:10.726] [Server thread/WARN] [net.minecraft.network.syncher.SynchedEntityData/]: defineId called for: class forge.net.mca.entity.ZombieVillagerEntityMCA from class forge.net.mca.util.network.datasync.CDataParameter
[08Dec2025 18:32:10.726] [Server thread/WARN] [net.minecraft.network.syncher.SynchedEntityData/]: defineId called for: class forge.net.mca.entity.ZombieVillagerEntityMCA from class forge.net.mca.util.network.datasync.CDataParameter
[08Dec2025 18:32:10.726] [Server thread/WARN] [net.minecraft.network.syncher.SynchedEntityData/]: defineId called for: class forge.net.mca.entity.ZombieVillagerEntityMCA from class forge.net.mca.util.network.datasync.CDataParameter
[08Dec2025 18:32:10.727] [Server thread/WARN] [net.minecraft.network.syncher.SynchedEntityData/]: defineId called for: class forge.net.mca.entity.ZombieVillagerEntityMCA from class forge.net.mca.util.network.datasync.CDataParameter
[08Dec2025 18:32:10.727] [Server thread/WARN] [net.minecraft.network.syncher.SynchedEntityData/]: defineId called for: class forge.net.mca.entity.ZombieVillagerEntityMCA from class forge.net.mca.util.network.datasync.CDataParameter
[08Dec2025 18:32:10.727] [Server thread/WARN] [net.minecraft.network.syncher.SynchedEntityData/]: defineId called for: class forge.net.mca.entity.ZombieVillagerEntityMCA from class forge.net.mca.util.network.datasync.CDataParameter
[08Dec2025 18:32:10.727] [Server thread/WARN] [net.minecraft.network.syncher.SynchedEntityData/]: defineId called for: class forge.net.mca.entity.ZombieVillagerEntityMCA from class forge.net.mca.util.network.datasync.CDataParameter
[08Dec2025 18:32:10.727] [Server thread/WARN] [net.minecraft.network.syncher.SynchedEntityData/]: defineId called for: class forge.net.mca.entity.ZombieVillagerEntityMCA from class forge.net.mca.util.network.datasync.CDataParameter
[08Dec2025 18:33:59.592] [Server thread/INFO] [net.minecraft.server.MinecraftServer/]: dimipro123 suffocated in a wall
[08Dec2025 18:36:00.508] [Server thread/INFO] [net.minecraft.server.network.ServerGamePacketListenerImpl/]: dimipro123 lost connection: Disconnected
[08Dec2025 18:36:00.508] [Server thread/INFO] [net.minecraft.server.MinecraftServer/]: dimipro123 left the game
[08Dec2025 18:36:00.513] [Server thread/INFO] [voicechat/]: [voicechat] Disconnecting client dimipro123
[08Dec2025 18:36:18.184] [Server thread/INFO] [net.minecraft.server.players.PlayerList/]: dimipro123[/127.148.225.136:60669] logged in with entity id 14811 at (1551.3907762261517, 38.0, 2372.998189901944)
[08Dec2025 18:36:18.194] [Server thread/INFO] [net.minecraft.server.MinecraftServer/]: dimipro123 joined the game
[08Dec2025 18:36:18.440] [Server thread/INFO] [voicechat/]: [voicechat] Received secret request of dimipro123 (20)
[08Dec2025 18:36:18.441] [Server thread/INFO] [voicechat/]: [voicechat] Sent secret to dimipro123
[08Dec2025 18:36:25.733] [VoiceChatPacketProcessingThread/INFO] [voicechat/]: [voicechat] Successfully authenticated player de8bd99d-75ed-3bda-a348-6bc1e709e5ba
[08Dec2025 18:36:27.736] [VoiceChatPacketProcessingThread/INFO] [voicechat/]: [voicechat] Successfully validated connection of player de8bd99d-75ed-3bda-a348-6bc1e709e5ba
[08Dec2025 18:36:27.736] [VoiceChatPacketProcessingThread/INFO] [voicechat/]: [voicechat] Player dimipro123 (de8bd99d-75ed-3bda-a348-6bc1e709e5ba) successfully connected to voice chat
[08Dec2025 18:40:46.018] [Worker-Main-2/INFO] [com.aqutheseal.celestisynth.Celestisynth/]: CRATER GENERATED AT: 1554 0 2309
[08Dec2025 18:41:31.809] [Server thread/INFO] [net.minecraft.server.MinecraftServer/]: dimipro123 was slain by Kasha
[08Dec2025 18:41:36.522] [Server thread/WARN] [net.minecraft.server.level.ServerLevel/]: Tried to add entity realmrpg_demons:demon_lord but it was marked as removed already
[08Dec2025 18:42:04.257] [Server thread/INFO] [net.minecraft.server.MinecraftServer/]: dimipro123 was slain by Kasha
[08Dec2025 18:45:16.859] [Server thread/INFO] [net.minecraft.server.MinecraftServer/]: dimipro123 was slain by jango
[08Dec2025 18:45:58.858] [Server thread/INFO] [net.minecraft.server.MinecraftServer/]: dimipro123 was slain by jango
[08Dec2025 18:49:14.559] [Server thread/INFO] [net.minecraft.server.MinecraftServer/]: dimipro123 suffocated in a wall
[08Dec2025 18:50:23.947] [Server thread/INFO] [net.minecraft.server.MinecraftServer/]: dimipro123 was slain by jango
[08Dec2025 18:51:12.409] [Server thread/INFO] [net.minecraft.server.MinecraftServer/]: dimipro123 was slain by Corpse Maggot
[08Dec2025 18:51:24.023] [Server thread/WARN] [net.minecraft.server.MinecraftServer/]: Can't keep up! Is the server overloaded? Running 11582ms or 231 ticks behind
[08Dec2025 18:51:49.757] [Server thread/INFO] [net.minecraft.server.MinecraftServer/]: dimipro123 was slain by jango
[08Dec2025 18:52:33.460] [Server thread/INFO] [net.minecraft.server.MinecraftServer/]: dimipro123 was slain by jango
[08Dec2025 18:53:34.307] [Server thread/INFO] [net.minecraft.server.MinecraftServer/]: dimipro123 was slain by jango
[08Dec2025 18:54:07.607] [Server thread/INFO] [net.minecraft.server.MinecraftServer/]: dimipro123 was slain by Zombified Piglin
[08Dec2025 18:56:01.895] [Server thread/WARN] [net.minecraft.server.network.ServerGamePacketListenerImpl/]: zanderga123 moved too quickly! -9.987342763517972,-0.756759288177264,1.525151975951303
[08Dec2025 18:56:19.922] [Server thread/INFO] [net.minecraft.world.entity.LivingEntity/]: Named entity KashaEntity['jango'/30655, l='ServerLevel[world]', x=-80.12, y=58.00, z=378.50] died: jango was slain by dimipro123
[08Dec2025 18:57:17.401] [Server thread/INFO] [net.minecraft.server.MinecraftServer/]: zanderga123 was slain by Nightmare Stalker
[08Dec2025 18:57:31.250] [Server thread/INFO] [net.minecraft.server.MinecraftServer/]: zanderga123 was slain by Nightmare Stalker
[08Dec2025 18:59:10.017] [Server thread/INFO] [net.minecraft.server.MinecraftServer/]: dimipro123 was slain by zanderga123
[08Dec2025 19:09:37.113] [Server thread/INFO] [net.minecraft.server.MinecraftServer/]: dimipro123 has made the advancement [Those Were the Days]
[08Dec2025 19:17:02.967] [Server thread/INFO] [net.minecraft.server.network.ServerGamePacketListenerImpl/]: dimipro123 lost connection: Disconnected
[08Dec2025 19:17:02.967] [Server thread/INFO] [net.minecraft.server.MinecraftServer/]: dimipro123 left the game
[08Dec2025 19:17:02.968] [Server thread/INFO] [voicechat/]: [voicechat] Disconnecting client dimipro123
[08Dec2025 19:25:09.563] [Server thread/INFO] [net.minecraft.server.MinecraftServer/]: zanderga123 has made the advancement [What a Deal!]
[08Dec2025 19:34:35.026] [Server thread/WARN] [net.minecraft.server.network.ServerGamePacketListenerImpl/]: zanderga123 moved too quickly! -5.555093554041832,1.3574999868869781,8.328935321140307
[08Dec2025 19:34:35.029] [Server thread/WARN] [net.minecraft.server.MinecraftServer/]: Can't keep up! Is the server overloaded? Running 7238ms or 144 ticks behind
[08Dec2025 19:35:06.696] [Server thread/WARN] [net.minecraft.server.MinecraftServer/]: Can't keep up! Is the server overloaded? Running 3955ms or 79 ticks behind
[08Dec2025 19:45:55.354] [Server thread/INFO] [net.minecraft.server.network.ServerGamePacketListenerImpl/]: zanderga123 lost connection: Disconnected
[08Dec2025 19:45:55.421] [Server thread/INFO] [net.minecraft.server.MinecraftServer/]: zanderga123 left the game
[08Dec2025 19:45:55.422] [Server thread/INFO] [voicechat/]: [voicechat] Disconnecting client zanderga123
[08Dec2025 19:46:02.004] [Server thread/INFO] [net.minecraft.server.MinecraftServer/]: Stopping the server
[08Dec2025 19:46:02.062] [Server thread/INFO] [net.minecraft.server.MinecraftServer/]: Stopping server
[08Dec2025 19:46:02.066] [Server thread/INFO] [net.minecraft.server.MinecraftServer/]: Saving players
[08Dec2025 19:46:02.066] [Server thread/INFO] [net.minecraft.server.MinecraftServer/]: Saving worlds
[08Dec2025 19:46:02.111] [Server thread/INFO] [net.minecraft.server.MinecraftServer/]: Saving chunks for level 'ServerLevel[world]'/minecraft:overworld
[08Dec2025 19:46:02.259] [Server thread/INFO] [net.minecraft.server.MinecraftServer/]: Saving chunks for level 'ServerLevel[world]'/minecraft:the_nether
[08Dec2025 19:46:02.267] [Server thread/INFO] [net.minecraft.server.MinecraftServer/]: Saving chunks for level 'ServerLevel[world]'/minecraft:the_end
[08Dec2025 19:46:02.268] [Server thread/INFO] [net.minecraft.server.MinecraftServer/]: Saving chunks for level 'ServerLevel[world]'/graveyard:past
[08Dec2025 19:46:02.384] [Server thread/INFO] [net.minecraft.server.MinecraftServer/]: ThreadedAnvilChunkStorage (world): All chunks are saved
[08Dec2025 19:46:02.385] [Server thread/INFO] [net.minecraft.server.MinecraftServer/]: ThreadedAnvilChunkStorage (DIM-1): All chunks are saved
[08Dec2025 19:46:02.385] [Server thread/INFO] [net.minecraft.server.MinecraftServer/]: ThreadedAnvilChunkStorage (DIM1): All chunks are saved
[08Dec2025 19:46:02.385] [Server thread/INFO] [net.minecraft.server.MinecraftServer/]: ThreadedAnvilChunkStorage (past): All chunks are saved
[08Dec2025 19:46:02.385] [Server thread/INFO] [net.minecraft.server.MinecraftServer/]: ThreadedAnvilChunkStorage: All dimensions are saved
[08Dec2025 19:46:03.057] [Server thread/INFO] [Framework/]: Unloading server configs...
[08Dec2025 19:46:03.058] [Server thread/INFO] [Framework/]: Sending config unload event for goblintraders-entities.toml
[08Dec2025 19:46:03.073] [Server thread/INFO] [journeymap/]: Loading JourneyMap Forge Configs
